t,pwf,qg
1,1197.48,10962
2,1502.59,9092
3,1497.98,9826
4,1396.13,8837
5,1340.8,8129
6,1212.9,7604
7,1189.51,7197
8,1156.51,6847
9,1068.31,6577
10,993.19,6308
11,974.34,6060
12,956.15,5831
13,927.46,5630
14,911.01,5446
15,883.32,5274
16,861.68,5116
17,852.36,4989
18,837.63,4875
19,846.11,4760
20,808.76,4649
21,800.36,4560
22,820.6,4467
23,789.08,4371
24,785.26,4300
25,785.98,4198
26,791.33,4136
27,793.07,4066
28,787.69,3993
29,804.44,3941
31,793.8,4103
32,797.81,4250
33,779.6,4003
34,761.25,3870
35,727.02,3767
36,713.61,3694
37,733,3535
38,750.99,3455
41,775.13,3317.89
42,762.36,3273.01
43,745.28,3299.01
44,678.92,3162.58
45,734.67,3150.88
46,728.92,3086.94
47,733.3,3087.1
48,732.53,3050.54
49,731.79,3015.53
50,739.08,2996.7
51,724.67,2933.85
52,718.94,2893.33
53,734.99,2801.89
54,793.92,2775.86
55,795.71,2839.02
56,779.16,2794.33
57,792.5,2749.35
58,769.85,2765.32
59,761.96,2718.89
60,777.66,2719.41
61,747.81,2665.51
62,755.55,2673.68
63,728.64,1144.34
71,797.78,2996.1
72,791.38,2936.6
73,791.16,2883.5
74,788.95,2844.9
75,789.75,2805.3
76,780.38,2758.1
77,782.17,2716.6
78,773.73,2687.8
79,774.96,2647.7
80,748.82,2623.4
81,750.27,2610.6
82,735.36,2590.3
83,737.26,2553.7
84,758.31,2476.9
85,739.22,95
100,1333.91,4284.4
101,1324.44,3571.48
102,915.32,4284.42
103,906.35,3879.8
104,871.67,3419.9
105,872.11,3368.6
106,807.13,3190.5
107,806.47,3061.9
108,760.91,2976
109,761.45,2892.9
110,759.76,2803.7
111,757.09,2656.8
112,759.24,2510.8
113,759.23,2427.5
114,1073.26,2402.3
115,1076.54,2419.1
116,1031.41,2427.8
117,1034.19,2478.1
118,775.66,2436
119,776.68,2384.5
120,803.02,2353.1
121,806.3,2338.1
122,787.23,2322.2
123,787.43,2293.7
124,754.97,2272.3
125,756.49,2252
126,718.17,2239.3
127,719.43,2204.2
128,718.25,2235.3
129,719.72,2222.7
130,680.82,2135.7
131,681.7,2109.9
132,698.92,2097.1
133,699.43,2083
134,686.46,2065.7
135,686.71,2042.6
136,673.52,2029.2
137,674.29,2021.1
138,734.3,2009.1
139,734.67,2002.4
140,727.85,1996.3
141,728.45,1992.1
142,714.85,1949.1
143,702.72,440.4
144,604.13,80.2
147,671.91,2632.8
148,667.32,2395
149,636.25,2266.5
150,723.77,2158.4
151,723.37,2062.7
152,721.76,2037.1
153,722.28,1985.8
154,719.76,1974.9
155,722.14,1975.3
156,727.94,1915.3
157,730.33,1952.1
158,712.4,1838.9
159,716.05,1974.5
160,692.28,1872.2
161,693.5,1837.4
162,688.46,1808.7
163,689.51,1812.3
164,672.41,1586.4
165,665.89,523.4
166,604.09,0
168,713.69,2351.1
169,712.83,2167.9
170,685.07,2057
171,685.42,1955.1
172,718.84,1852.2
173,720.3,1838.4
174,712.21,1811.6
175,714.07,1827.8
176,677.98,1805.1
177,679.43,1786.1
178,699.43,1757.1
179,700.58,1726.5
180,716.32,1645.1
181,718.95,1731.4
182,711.19,1721.2
183,712.73,1721.5
184,699.31,1748.7
185,699.54,1640.8
186,710.83,1672.7
187,712.45,1698.5
188,675.63,1598.8
189,676.33,1537.9
190,664.43,1425.4
191,670.83,1780.2
192,700.2,1378.5
193,707.07,1757.2
194,675.23,1729.5
195,672.34,1398.2
196,677.01,1384.4
197,684.59,1897.1
198,674.65,1723.3
199,673.6,1513.2
200,648.83,1064.2
201,646.2,6.4
204,1308.8,2120.7
205,1309.87,2249.4
206,645.71,1862.7
207,648.31,1903.3
208,675.8,1347.7
209,676.25,1169.2
210,713.38,1357.2
211,719.61,1784.4
212,704.35,1613.7
213,702.88,1387.7
214,703.03,1821
215,699.04,1372.1
216,690.06,1456.6
217,695.82,1829
218,700.72,1847.2
219,700.8,1743.9
220,673.98,1682.7
221,674.83,1617.5
222,683.1,1408.7
223,677.5,278.3
226,711.61,1822.5
227,712.46,1699.3
228,657.12,1590
229,658.81,1604.2
230,661.24,1459.4
231,662.81,1423.7
232,668.78,1331.8
233,672.4,1514.7
234,661.54,1620
235,662.54,1610.1
236,660.31,1553.8
237,660.54,1439.7
238,658.6,1391
239,659.21,1314.4
240,628.31,1393
241,629.99,1440.2
242,635.31,1321.28
243,636.78,1277.92
244,632.37,1426.24
245,632.39,1326.93
246,650.81,1542.71
247,648.39,1212.55
248,625.46,1485.21
249,625.36,1355.35
250,639.2,1581.8
251,634.5,1033.12
252,648.86,1279.6
253,645.49,655.7
256,661.35,1701.2
257,662.09,1573
258,657.49,1529.1
259,658.99,1517.4
260,605.34,1508.3
261,607.27,1477.7
262,591.92,1454.2
263,593.44,1443.1
264,640.68,1419
265,641.85,1408.1
266,615.62,1333.4
267,611.34,727.4
270,814.67,2060.8
271,810.31,1686.5
272,640.37,1506.4
273,642.39,1456
274,616.28,1493.8
275,616.83,1357.5
276,612.63,1365.7
277,613.25,1364.9
278,621.29,1302.2
279,622.8,1344.8
280,629.9,1326.4
281,630.67,1279.5
282,639.12,1284
283,640.28,1260.4
284,657.73,1307.5
285,659.03,1296.4
286,645.01,1283.9
287,646.6,1279.3
288,639.25,1260.7
289,640.43,1276
290,642.37,1231.4
291,641.82,1026.4
292,654,1250.3
293,654.86,1247.1
294,747.53,1320.6
295,747.91,1200.2
296,604.55,225.2
298,637.87,1663.4
299,637.54,1560
300,634.84,1456.2
301,634.51,1295.8
302,621.84,1431.6
303,622.92,1355.6
304,604.52,1395
305,605.03,1285.5
306,597.03,1315.4
307,598.68,1371.9
308,608.89,1316.4
309,609.55,1250.3
310,638.47,1245
312,624.25,1252.8
313,628.66,1201.2
314,626.65,1204.4
316,621.21,1260.1
318,646.41,1148.3
319,648.72,1245.9
320,644.95,1221.1
321,664.11,1186.1
322,662.44,1182.4
323,662.62,1010
324,639.19,1080.9
325,641.62,1144.7
326,669.99,609.9
328,659.88,1568.3
329,660.44,1430.4
330,657.36,1294.6
331,659.14,1307
332,646.44,1243.7
333,648.69,1243.4
334,649.14,1234.3
335,651.1,1238.7
336,670.27,1187.3
337,671.79,1220.1
338,642.45,1259.8
339,643.73,1238.1
340,631.61,1176.9
341,630.39,813.3
342,639.32,1159.2
343,641.9,1175.3
344,626.63,1246.8
345,626.55,1108
346,615.65,1030.5
347,618.74,1190.1
348,631.15,1075.8
349,630.78,869.9
350,622.4,833
351,624.15,802.4
352,622.04,753.1
353,622.78,560
355,661.77,1546.1
356,648.47,1417.6
357,648.93,1267.6
358,620.02,1235.1
359,621.25,1196.5
360,606.5,1223.6
361,609.12,1208.6
362,637.74,1178.3
363,639.51,1181.3
364,675.06,1247.7
365,676.12,1154.7
366,639.55,1003.2
367,637.1,436.8
370,733.95,1587.8
371,732.8,1303.8
372,632.24,1248.4
373,633.5,1195.2
374,627.21,1221.9
375,628.44,1178.6
376,623.57,1166.5
377,624.67,1169.5
378,630.52,1167.5
379,631.87,1152.4
380,621.7,1143.6
381,622.58,1076.4
382,624.91,1122.4
383,625.64,1002.3
384,630.37,1012.8
385,632.95,1136.1
386,587.16,249.6
388,639.15,1445.6
389,640.77,1308.7
390,652.2,1177.3
391,654.51,1210.3
392,646.05,1167.6
393,647.45,1110.1
394,646.34,1140.9
395,647.47,1111.5
396,635.57,1070.4
397,637.33,1077.1
398,626.75,1062.4
399,628.97,1104.4
400,629.63,1063.6
401,629.57,873.9
402,655.12,1034.3
403,657.05,1081.7
404,638.29,989.5
405,640.48,1012.9
406,649.13,1094.6
407,650.82,1073.1
408,619.81,1074.7
409,619.63,1018.8
410,616.17,1048.5
411,617.43,1048.7
412,625.49,1042.3
413,627.32,1056.6
414,625.73,1058.5
415,626.51,958
416,631.61,1032.9
417,633.1,1012.2
418,624.98,1022.9
419,628.36,1293
420,655.39,1043.5
421,656.54,1019.9
422,652.6,1027.5
423,654.09,1021.3
424,630.08,1027.7
425,631.91,1017.4
426,630.29,1023.4
427,631.9,1016.4
428,633.25,1057.3
429,634.02,973.3
430,645.39,1013.6
431,646.39,981.4
432,621.04,993.9
433,621.98,1006.4
434,618.93,971.1
435,620.57,984.1
436,619.51,982.6
437,621.15,1053.3
438,621.4,972.8
439,622.82,958.4
440,630.1,963.7
441,631.39,952.4
442,613.06,948.2
443,614.07,940.7
444,614.25,335.9
446,626.15,1236.7
447,626.51,1103.4
448,622.69,981.6
449,621.51,132.2
452,626.47,1322.9
453,627.54,1212.4
454,636.69,1076
455,638.32,1048.9
456,623.64,949.5
457,625.71,1011
458,617.02,988.2
459,607.15,996.4
460,611.32,989.9
461,625.55,991
462,617.92,1020.9
463,619.64,1020.1
464,602.77,1009.9
465,602.49,875
466,692.19,958.5
467,692.88,935.7
468,617.75,923.1
469,619.17,963.4
470,619.35,985.7
471,619.03,945.6
472,609.1,962
473,613.46,1015.9
474,599.71,994.1
475,600.45,929.1
476,611.17,928.1
477,613.04,965.6
478,593.29,982.6
479,594.75,983
480,604.24,973.7
481,605.85,988.2
482,592.78,956.2
483,594.66,972.8
484,594.15,995.8
485,594.7,977.2
486,587.13,950.9
487,588.22,937.1
488,592.24,935.4
489,594.42,944
490,598.34,941.3
491,600.68,957
492,594.18,913.9
493,594.47,949.2
494,590.6,226.3
496,622.97,1116.7
497,623.17,1000.87
498,635.07,994.31
499,637.81,986.23
500,615.12,984.65
501,616.43,927.65
502,678.44,851.7
504,634.49,949.34
505,634.71,902.75
506,621.75,895.81
507,622.28,887.42
508,636.09,946.99
509,637.28,917.67
510,623.72,937.44
511,625.13,939.06
512,623.46,930.21
513,625.02,924.28
514,621.22,921.6
515,622.44,908.56
516,603.91,908.17
517,601.93,254.87
520,609.18,1011.45
521,612.65,916.31
522,597.88,949.76
523,599.31,940.21
524,608.95,922.01
525,606.7,164.46
527,620.2,1084.02
528,596.69,1034.41
529,597.74,896.45
530,604.02,847.75
531,606.24,882.58
532,623.41,902.82
533,625.18,944.76
534,600.79,915.56
535,602.83,918.86
536,596.11,891.43
537,598.16,950.18
538,589.83,895.44
539,591.6,897.76
540,593.05,907.05
541,594.09,901.58
542,582.96,898.11
543,584.22,897.68
544,577.54,873.04
545,579.13,875.46
546,587.48,866.34
547,586.41,433.77
550,612.37,1093.42
551,613.49,1019.56
552,622.63,975.11
553,625.29,958.56
554,608.56,931.14
555,609,746.24
556,600.46,252.64
559,681.71,1088.28
560,622.85,1049.84
561,625.71,1011.4
562,623.17,973.51
563,625.33,963.69
564,601.29,940.56
565,602.36,856.51
566,623.64,279.5
568,603.32,1046.99
569,604.75,1003.76
570,599.03,985.7
571,600.57,944.18
572,603.43,804.56
573,603.14,243.33
575,607.2,1001.92
576,594.91,980.89
577,597.02,961.03
578,606.71,945.65
579,607.47,881.58
580,583.88,247.01
582,612.4,1096.69
583,613.34,1002.07
584,589.86,908.07
585,591.15,838.51
586,604.49,828.85
587,608.78,892.33
588,615.68,821.55
589,618.13,823.31
590,612.34,824.62
591,613.6,878.27
592,610.72,856.32
593,612.32,871.86
594,610.42,845.27
595,612.18,852.25
596,604.59,845.44
597,605.98,846.47
598,599.69,846.93
599,601,839.04
600,608.35,828.7
601,609.62,839.44
602,604.83,725.8
603,607.11,832.74
604,586.34,841.7
605,587.41,831.86
606,601.14,214.34
608,611.08,947.98
609,612.66,917.43
610,603.73,892.85
611,607.48,883.19
612,615.57,872.05
613,617.16,859.98
614,615.29,757.35
615,617.65,750
616,614.49,597.03
617,615.27,77.27
620,605.41,916.59
621,606.26,885.17
622,633.62,872.41
623,636.98,876.09
624,616.73,863.73
625,618.4,862.18
626,610.25,813.83
627,610.42,165.06
629,619.68,868.72
630,618.14,884.91
631,619.76,879.29
632,615.21,869.14
633,618.41,863.4
634,616.05,841.86
635,618.23,837.38
636,628.25,799.58
637,630.49,828.46
638,614.72,668.25
639,615.71,323.48
642,638.5,942.16
643,639.71,913.3
644,630.41,882.8
645,631.97,864.74
646,639.78,866.84
647,642.76,819.03
648,643.57,864.6
649,645.4,846.06
650,627.14,824.76
651,629.32,837.68
652,617.13,662.59
653,615.29,104.19
656,643.08,867.23
657,643.81,966.38
658,641.8,920.24
659,642.3,745.74
660,624.28,849.15
661,625.98,887.45
662,643.39,844.87
663,645.06,793.83
664,644.1,458.97
665,646.22,67.56
667,618.69,901.42
668,622.97,907.37
669,624.83,898.5
670,624.24,879.86
671,625.78,860.35
672,634.35,850.72
673,634.1,601.6
674,622.89,426.11
675,623.97,115.35
677,643.21,885.29
678,642.68,985.9
679,643.68,949.32
680,620.14,914.97
681,621.04,885.54
682,618.22,849.9
683,623.26,654.1
684,630.26,151.8
686,679.98,821.05
687,682.44,849.84
688,642.06,861.99
689,655.26,845.33
690,663.11,703.1
691,664.86,134.4
693,665.19,313.51
695,661.96,922.48
696,688.56,902.5
697,698.51,852.54
698,698.32,867.29
699,697.56,686.56
700,679.16,791.72
701,671.79,918
702,670.05,842.62
703,669.88,816.17
704,671.04,529.63
705,672.26,90.6
707,675.55,731.66
708,653.87,383.61
709,658.61,67.49
712,678.16,918.72
713,680.32,902.04
714,678.42,889.01
715,678.76,634.84
716,630.2,74.87
718,683.12,571.13
719,684.61,561.48
720,682.76,568.27
721,686.36,883.25
722,676.64,904.7
723,677.56,858.61
724,701.66,871.05
725,702.68,719.6
726,659.18,389.69
727,667.3,89.44
728,739.18,0
729,739.18,0
730,742.45,963.13
731,742.72,1002.17
732,681.82,946.64
733,683.64,844.62
734,696.96,477.12
735,700.9,199.84
736,553.37,0
738,700.35,1007.39
739,701.89,987.77
740,695.71,922.2
741,698.71,883.96
742,703.27,876.13
743,702.49,364.65
744,703.58,651.94
745,705.04,909.01
746,742.93,864.89
747,745.27,819.28
748,744.49,667.13
749,745.22,809.96
750,714.56,790.05
751,716.6,778.15
752,717.07,763.44
753,718.93,752.98
754,725.56,744.73
755,727.6,753.54
756,725.26,755.68
757,726.33,748.72
758,706.84,725.15
759,707.39,673.37
760,801.74,670.93
761,802.82,687.8
762,790.47,698.44
763,790.58,721.09
764,758.49,744.9
765,758.51,749.26
766,715.16,723.77
767,716.37,735.1
768,699.01,727.74
769,699.03,730.19
770,705.18,724.03
771,685.33,710.85
773,703.77,691.94
775,720.64,687.95
777,702.36,678.45
779,707.7,647.28
781,738.94,656.47
783,726.32,662.32
785,707.22,675.29
787,726.17,661.47
789,702.64,645.89
791,671.32,627.97
793,703.62,660.82
795,689.45,641.6
797,695.64,643.56
799,665.13,647.94
801,671.24,639.05
803,693.25,445.6
805,707.69,645.69
806,666.4,635.26
807,672.67,654.89
808,671.88,474.22
810,683.16,682.56
812,664.57,668.47
814,695.9,636.09
816,696.01,651.77
818,671.33,652.96
820,652.95,648.26
822,658.96,648.05
824,659.13,650.46
826,666.02,632.81
828,640.51,583.18
830,626.74,417.54
832,639.84,601.15
834,681.08,614.85
836,628.17,630.09
838,651.34,588.23
840,644.85,624.42
842,639.23,657.81
844,653.42,673.61
845,654.15,657.47
846,647.47,657.8
847,647.97,656.7
848,641.78,653.78
849,641.76,649.58
850,641.81,660.15
851,610.91,653.31
852,629.35,639.3
853,641.76,650.76
854,635.57,647.73
855,666.38,631.4
856,669.8,635
857,672.58,636.4
858,672.11,648.25
859,672.66,652.13
860,659.71,638.93
861,641.76,650.93
862,640.48,650.25
863,641.75,648.53
864,628.62,653.17
865,629.37,643.18
866,647.89,641.54
867,647.88,640.51
868,658.59,692.59
869,659.56,486.2
870,628.81,682.21
871,629.61,686.12
872,628.04,672.02
873,629.49,665.51
874,629.19,660.7
875,629.47,661.3
876,616.34,660.88
877,617.09,654.37
878,629.37,643.05
879,629.34,638.07
880,641.78,655.15
881,641.74,647.14
882,641.69,636.5
883,641.65,629.73
884,644.68,627.19
885,647.81,626.12
886,653.1,622.1
887,653.95,618.84
888,646.74,592.36
889,647.91,646.18
890,641.06,227.21
892,634.7,677.78
893,635.62,657.5
894,634.21,641.16
895,635.54,641.91
896,647.04,639.91
897,647.85,634.45
898,646.71,630.28
899,647.84,630.98
900,645.98,631.06
901,647.82,628
902,640.48,620.47
903,641.62,622.44
904,641,617.34
905,641.61,621.62
906,603.84,634.49
907,604.48,604.92
909,821.32,664.6
910,609.36,644.74
911,610.86,643.37
912,615.05,640.72
913,616.99,637.12
914,609.23,626.27
915,610.73,620.92
916,609.94,625
917,610.82,636.79
918,610.79,631.93
919,610.75,624.77
920,629.26,622.61
921,629.28,625.7
922,623.09,622.05
923,623.08,621.28
924,616.97,632.87
925,616.91,621.59
926,616.93,624.49
927,616.9,618.61
928,622.04,627.7
929,623.02,609.71
930,622.4,601.79
931,623.05,615.29
932,615.05,612.89
933,616.87,613.42
934,652.71,604.01
935,653.9,608.4
936,627.78,603.85
937,629.16,601.78
938,627.29,603.5
939,629.15,599.68
940,628.04,604.75
941,629.14,598.71
942,628.05,606.33
943,629.21,611.67
944,634.79,610.28
945,635.27,589.08
946,646.94,576.97
947,647.71,605.63
948,646.77,596.85
949,647.6,582.8
950,640.79,580.25
951,641.43,584.96
952,640.81,583.43
953,641.49,596.82
954,641.46,591.53
955,640.86,593.18
956,641.45,588.46
957,641.23,605.63
958,641.51,600.88
959,640.83,587.71
960,629.13,595.51
961,633.85,590.57
962,635.29,592.71
963,659.61,577.13
964,659.99,588.95
965,640.85,590.35
966,641.53,606.01
967,629.21,612.29
968,616.8,599.45
969,616.71,583.05
970,641.44,587.17
971,632.6,582.08
972,635.2,573.08
973,634.95,587.09
974,635.21,576.4
975,634.97,589.47
976,635.24,582.24
977,653.41,574.04
978,653.73,570.45
979,653.1,573.39
980,653.82,591
981,635.33,601.12
982,629.1,589.35
983,622.88,581.81
984,622.93,590.72
985,641.42,581.86
986,641.42,582.33
987,645.77,570.1
988,647.67,596.52
989,627.93,587.68
990,629.09,587.8
991,616.67,574.77
992,622.8,563.19
993,659.07,589.7
994,604.35,579.18
995,622.65,595.95
996,622.9,585.48
997,653.45,581.45
998,653.84,595.71
999,610.39,610.53
1000,592.06,589.43
1001,610.26,586.45
1002,598.16,576.51
1003,604.45,598.81
1004,604.3,569.34
1005,622.17,561.97
1006,622.84,571.66
1007,622.9,586
1008,622.85,574.39
1009,604.01,571.83
1010,604.27,562.61
1011,613.47,573.44
1012,616.65,570.33
1013,598.14,573.06
1014,622.78,559.91
1015,632.38,556.01
1016,635.15,563.13
1017,634.55,569.29
1018,635.12,556.7
1019,622.46,560.37
1020,622.83,570.47
1021,609.06,569.65
1022,610.44,562.15
1023,610.12,561.89
1024,610.46,566.49
1025,609.84,563.77
1026,610.44,563.59
1027,621.83,555.22
1028,622.73,549.8
1029,634.44,549.5
1030,635.11,553.4
1031,615.91,547.26
1032,614.05,544.33
1033,610.34,541.43
1034,610.4,553.66
1035,620.45,546.16
1036,622.7,541.71
1037,639.67,540.2
1038,641.22,538.91
1039,634.09,542.16
1040,641.19,531.55
1041,646.68,530.2
1042,647.35,526.99
1043,640.49,526.93
1044,634.95,518.23
1045,640.51,530.79
1046,641.17,527.08
1047,633.17,531.54
1048,634.97,522.92
1049,640.48,525.87
1050,641.21,535.81
1051,634.33,529.69
1052,635,529.91
1053,633.68,524.6
1054,634.99,526.97
1055,641.05,499.15
1056,635.09,549.75
1057,632.17,531.65
1058,635.07,545.4
1059,621,516.24
1060,622.59,518.79
1061,639.62,533.33
1062,641.11,512.95
1063,646.1,486
1064,647.41,539.73
1065,633.9,511.29
1066,647.3,514.55
1067,647.39,536.72
1068,647.33,522.39
1069,645.4,518.32
1070,647.29,511.87
1071,640.84,530.37
1072,641.19,530.48
1073,640.22,535.46
1074,641.2,533.85
1075,641.18,529.93
1076,641.17,527.26
1077,647.3,515.11
1078,655.94,510.66
1079,644.98,500.57
1080,647.22,494.04
1081,677.42,501.38
1082,678.16,496.81
1083,658.9,505.2
1084,658.76,200.82
1085,739.13,543.21
1086,660.23,639.07
1087,672.09,600.65
1088,672.29,573.43
1089,664.65,543.41
1090,684.44,520.39
1091,689.6,531.03
1092,690.67,531.06
1093,671.39,530.14
1094,672.04,515.82
1095,683.7,519.46
1096,684.43,517.16
1097,684.43,517.35
1098,690.63,520.24
1099,658.71,530.67
1100,659.09,346.31
1102,672.13,536.76
1103,695.8,535.09
1104,696.84,527.38
1105,676.22,517.46
1106,678.39,553.64
1107,677.53,522.5
1108,678.26,521.86
1109,653.16,522.63
1110,653.51,520.22
1111,652.09,509.96
1112,678.2,508.23
1113,658.95,514.94
1114,659.63,506.21
1115,658.86,498.31
1116,659.59,496.01
1117,671.97,497.83
1118,665.8,500.19
1119,665.8,500.7
1120,678.17,498.79
1121,652.73,506.9
1122,653.56,532.17
1123,652.4,507.78
1124,653.39,491.19
1125,652.66,493.55
1126,653.35,482.01
1127,665.37,489.73
1128,659.67,514.17
1129,653.21,533.52
1130,641.1,510.03
1131,646.36,471.08
1132,684.39,507.89
1133,640,499.27
1134,641.06,500.25
1135,640.38,507.29
1136,641.07,502.9
1137,633.45,488.25
1138,659.51,475.24
1139,659.14,480.52
1140,665.71,477.28
1141,665.76,491.54
1142,665.75,487.09
1143,657.74,370.8
1144,659.79,542.78
1145,650.78,520.11
1146,653.41,496.44
1147,645.9,506.18
1148,647.25,502.04
1149,640.74,510.64
1150,634.85,493.87
1151,640.72,505.25
1152,641.04,496.11
1153,634.44,484.47
1154,634.76,471.64
1155,640.6,480.41
1156,505.18,481.39
1157,627.9,483.54
1158,628.59,474.51
1159,653.34,478.76
1160,647.18,485.3
1161,649.75,485.75
1162,648.48,501.92
1163,640.98,481.71
1164,640.94,470.39
1165,652.52,467.89
1166,653.28,462.1
1167,632.25,482.3
1168,634.8,482.12
1169,640.21,476.36
1170,640.94,470
1171,634.91,507.5
1172,634.78,476.54
1173,633.65,469.63
1174,634.74,465.71
1175,643.93,496.1
1176,647.25,502.48
1177,633.82,497.41
1178,634.79,479.84
1179,640.98,481.69
1180,640.94,471.35
1181,639.78,462.74
1182,640.89,458.51
1183,640.9,459.35
1184,640.91,461.78
1185,633.58,458.11
1186,634.73,463.4
1187,634.74,466.7
1188,634.75,467.46
1189,640.94,470.61
1190,640.92,464
1191,627.89,481.64
1192,628.63,483.56
1193,627.85,473.46
1194,628.57,468.62
1195,610.11,490.13
1196,610.02,466.61
1197,620.2,482.81
1198,622.49,494.81
1199,615.53,479.78
1200,616.34,500.94
1201,628.84,533.87
1202,610.14,496.18
1203,613.93,496.71
1204,616.24,476.75
1205,634.07,481.62
1206,634.84,491.75
1207,613.42,497.59
1208,616.3,493
1209,602.51,473.43
1210,603.84,468
1211,645.61,462.13
1212,647.08,459.67
1213,646.29,456.85
1214,647.08,459.15
1215,645.98,467.02
1216,647.1,464.57
1217,646.3,459.09
1218,647.1,463.87
1219,636.58,482.34
1220,640.97,477.52
1221,638.04,470.54
1222,640.9,459.5
1223,653.05,499.9
1224,653.23,448.38
1225,651.52,470.99
1226,653.29,466.08
1227,602.84,476.2
1228,603.77,450.6
1229,662.87,461.09
1230,665.65,461.68
1231,670.67,464.88
1232,671.84,462.83
1233,651.11,458.04
1234,653.34,479.16
1235,657.36,468.92
1236,659.57,491.15
1237,657.51,526.59
1238,659.58,493.6
1239,651.29,482.45
1240,653.38,487.87
1241,670.1,481.9
1242,671.85,465.07
1243,661.07,434.66
1244,665.7,474.23
1245,650.89,468.44
1246,653.31,471.16
1247,632.67,502.37
1248,634.88,500.39
1249,602.12,498.42
1250,603.96,496.44
1251,602.09,494.46
1252,603.94,490.51
1253,602.81,518.03
1254,603.99,503.26
1255,626.77,500.3
1256,628.73,507.91
1257,620.62,501.33
1258,622.37,463.96
1259,632.21,478.2
1260,634.81,482.84
1261,620.13,506.17
1262,622.58,516.46
1263,595.96,498.11
1264,597.68,472.12
1265,621.35,475.63
1266,622.39,470.8
1267,633.83,437.29
1268,634.18,286.7
1269,624.03,396.61
1270,628.55,464.87
1271,609.16,501.13
1272,591.55,483.25
1273,602.29,483.57
1274,591.58,488.54
1275,596.47,491.39
1276,597.68,471.14
1277,609.86,453.72
1278,615.97,405.24
1279,615.73,329.77
1280,616.24,476.59
1281,574.25,404.32
1282,597.4,399.3
1283,603.81,458.9
1284,603.84,467.43
1285,586.73,474.06
1286,591.33,427.13
1287,606.85,423
1288,609.89,434.86
1289,597.53,433.81
1290,597.62,456.97
1291,597.57,444.2
1292,597.61,453.64
1293,601.24,456.46
1294,601.33,457.66
1295,598.41,468.88
1296,601.37,467.99
1297,577.55,464.14
1298,579.09,457.43
1299,588.28,461.34
1300,591.4,446.38
1301,614.05,446.68
1302,616.14,452.55
1303,607.64,451.26
1304,609.98,457.59
1305,613.87,460.78
1306,616.12,446.83
1307,607.84,441.45
1308,609.92,443.09
1309,619.88,442.2
1310,622.27,438.04
1311,614.2,466.42
1312,616.18,462.13
1313,608.89,456.05
1314,630.98,453.91
1315,632.72,454.89
1316,618.66,465.23
1317,610.03,470.02
1318,610.03,470.4
1319,610.73,468.67
1320,616.21,469.27
1321,607.75,465.16
1322,610.01,465.72
1323,615.82,465.22
1324,608.79,469.13
1325,589.28,79.21
1326,590.73,571.87
1327,647.38,533.8
1328,647.24,500.77
1329,618.02,503.89
1330,622.47,489.75
1331,608.73,480.7
1332,610.06,477.75
1333,613.54,483.21
1334,615.01,477.67
1335,606.32,470.06
1336,612.54,479.29
1337,601.79,475.93
1338,606.35,475.98
1339,608.66,470.8
1340,610.07,479.45
1341,614.23,470.49
1342,616.22,471.28
1343,595.49,472.14
1344,597.68,472.72
1345,599.83,466.96
1346,606.32,468.14
1347,600.11,461.24
1348,600.12,464.86
1349,592.51,456.85
1350,597.6,451
1351,614.11,454.74
1352,616.13,450.33
1353,608.27,458.08
1354,609.99,459.47
1355,600.09,456.86
1356,605.01,450.18
1357,612.61,458.86
1358,608.7,447
1359,601.96,438.08
1360,603.81,458.57
1361,600,465.82
1362,601.27,441.78
1363,620.57,454.93
1364,622.32,452.63
1365,618.38,443.83
1366,622.26,435.86
1367,627.34,445.76
1368,628.07,317.76
1369,614.08,514.51
1370,616.33,499.12
1371,589.89,472.76
1372,591.52,474.98
1373,589.66,479.78
1374,591.53,478.14
1375,589.87,470.06
1376,587.67,439.62
1377,572.36,433.21
1378,586.43,439.21
1379,586.82,464.49
1380,588.95,450.47
1381,583.36,460.06
1382,585.3,465.24
1383,589.12,444.47
1384,591.38,440.56
1385,607.9,448.88
1386,610.04,472.88
1387,604.53,429.28
1388,587.58,416.8
1389,594.66,435.48
1390,597.47,416.96
1391,597.24,454.64
1392,597.61,453.58
1393,597.63,458.92
1394,597.63,459.94
1395,587,453
1396,591.51,474.18
1397,589.15,448.85
1398,591.42,451.09
1399,590.35,449.75
1400,597.61,455.21
1401,594.16,457.25
1402,597.62,455.66
1403,594.92,463.9
1404,597.6,452.71
1405,576.85,449
1406,579.05,446.16
1407,579.14,469.59
1408,582.52,447.92
1409,591.46,461.73
1410,591.48,465.12
1411,593.97,459.01
1412,597.59,450.02
1413,589.43,448.73
1414,591.35,432.63
1415,638.29,397.03
1416,640.89,457.82
1417,601.8,456.4
1418,585.29,462.16
1419,590.25,433.58
1420,609.97,454.94
1421,582.26,449.68
1422,585.26,456.49
1423,588.79,437.45
1424,591.37,438.32
1425,595.39,459.27
1426,597.54,435.3
1427,607.62,443.82
1428,609.92,440.94
1429,590.29,440.96
1430,591.38,441.46
1431,593.93,433.69
1432,597.59,449.34
1433,596.18,448.73
1434,597.52,431.47
1435,601.91,430.86
1436,603.73,440.49
1437,601.43,444.86
1438,603.76,446.2
1439,602.34,447.96
1440,603.76,446.4
1441,602.35,449.07
1442,585.2,441.54
1443,587.84,438.1
1444,591.37,438.22
1445,577.05,440.59
1446,579.05,446.46
1447,589.1,442.41
1448,591.36,435.55
1449,589,430.27
1450,566.7,446.55
1451,589.05,401.29
1452,591.41,448.34
1453,589.08,440.42
1454,591.32,425.52
1455,589.63,428.92
1456,591.39,442.82
1457,591.34,430.95
1458,591.34,430.56
1459,581.19,408.98
1460,591.15,379.93
1461,603.49,370.28
1462,591.13,372.26
1463,589.83,367.55
1464,591.14,375.15
1465,577.58,379.89
1466,584.92,364.85
1467,584.96,374.62
1468,585.06,404.48
1469,585.01,389.44
1470,584.93,367.34
1471,615.8,355.33
1472,615.74,332.95
1473,615.27,345.84
1474,615.73,331.78
1475,616.13,450.12
1476,616.13,449.28
1477,615.89,382.08
1478,615.93,394.49
1479,626.1,370.95
1480,628.21,367.34
1481,609.65,365.08
1482,609.65,365
1483,603.48,367.46
1484,603.46,362.34
1485,602.96,356.64
1486,603.47,364.75
1487,602.51,354.84
1488,609.63,357.65
1489,609.13,354.02
1490,609.59,345.92
1491,609.64,362.27
1492,603.46,361.82
1493,603.09,385.21
1494,603.6,403.27
1495,590.75,387.62
1496,591.19,390.89
1497,596.5,384.96
1498,597.35,383.52
1499,596.55,393.54
1500,597.39,394.59
1501,596.14,389.12
1502,591.19,388.69
1503,590.41,399.2
1504,603.6,404.61
1505,590.78,393.48
1506,597.39,397.01
1507,588.78,406.11
1508,588.72,389.88
1509,614.14,419.06
1510,616.02,419.73
1511,596.66,414.05
1512,597.46,415.5
1513,589.79,414.68
1514,578.94,417.92
1515,577.45,412.18
1516,578.94,417.94
1517,577.52,421.91
1518,579,433.57
1519,591.35,433.98
1520,591.33,427.12
1521,597.1,425.26
1522,597.49,422.96
1523,595.59,409.21
1524,597.45,413.13
1525,595.17,396.19
1526,597.38,394.15
1527,608.89,392.77
1528,603.58,399.78
1529,602.43,408.69
1530,603.59,401.68
1531,600.62,384.28
1532,603.48,368.74
1533,596.03,371.2
1534,597.3,368.26
1535,615.54,254.49
1536,615.89,380.98
1537,596.32,417.52
1538,597.42,403.29
1539,613.35,398.47
1540,603.59,402.47
1541,596.59,400.76
1542,597.42,405.62
1543,578.15,414.99
1544,578.97,427.49
1545,578.22,427.49
1546,578.96,425.06
1547,584.07,421.44
1548,578.93,416.48
1549,583.33,416.98
1550,585.09,411.98
1551,583.27,409.89
1552,585.05,399.82
1553,570.56,397.58
1554,572.68,396.05
1555,570.97,410.99
1556,572.74,412.51
1557,564.48,406.42
1558,566.55,410.16
1559,564.75,403.62
1560,566.53,405.21
1561,565.38,399.52
1562,566.55,408.66
1563,565.09,406.78
1564,557.88,402.5
1565,566.46,385.98
1566,566.47,388.99
1567,585.02,392.61
1568,585.01,390.8
1569,567.94,390.11
1570,572.64,385.69
1571,571.2,399
1572,572.69,399.35
1573,571.5,392.29
1574,572.65,390.05
1575,559.14,387.1
1576,560.32,394.83
1577,552.02,420.72
1578,554.08,378.33
1579,558.35,272.06
1580,572.28,267.99
1581,552.35,293.5
1582,553.83,299.1
1583,547.53,96.91
1587,563.11,460.86
1588,566.71,449.34
1589,565.07,446.67
1590,560.5,441.17
1591,565.28,434.09
1592,566.63,429.87
1593,557.92,449.74
1594,560.46,430.86
1595,546.78,429.78
1596,548.09,424.63
1597,539.65,411.54
1598,542.02,448.93
1599,527.6,373.45
1600,535.77,430.74
1601,553.15,414.34
1602,554.2,410.25
1603,554.22,414.8
1604,554.19,407.42
1605,538.39,402.43
1606,541.86,410.5
1607,540.48,409.91
1608,541.82,398.97
1609,540.74,401.06
1610,541.78,389.99
1611,545.99,402.07
1612,544.31,404.5
1613,527.05,405.1
1614,529.47,398.09
1615,538.86,213.61
1616,486.06,336.62
1617,540.39,397.12
1618,541.82,399.45
1619,540.36,392.37
1620,546.73,392.71
1621,545.97,393.92
1622,546.75,399.38
1623,546.76,399.63
1624,546.76,400.44
1625,532.24,90.84
1627,540.42,470.11
1628,541.99,441.05
1629,540.61,428.18
1630,541.9,420.09
1631,540.57,422.28
1632,529.58,424.52
1633,538.96,416.35
1634,541.84,405.75
1635,540.47,408.34
1636,541.85,407.96
1637,533.71,405.13
1638,535.66,403.91
1639,533.98,438.4
1640,535.74,422.14
1641,528.48,409.45
1642,541.85,408.38
1643,526.85,409.68
1644,541.86,410.14
1645,533.7,402.67
1646,535.64,399.24
1647,521.73,409.37
1648,523.33,405.73
1649,521.12,399.93
1650,523.3,397.77
1651,527.81,400.92
1652,529.48,400.04
1653,533.4,399.06
1654,547.96,392.48
1655,527.75,392.15
1656,529.48,400.14
1657,527.8,392.72
1658,529.45,391.96
1659,533.9,391.72
1660,535.62,393.74
1661,527.77,394.74
1662,529.41,383.13
1663,527.36,379.64
1664,529.45,392.36
1665,527.28,402.95
1666,529.43,387.81
1667,528,384.9
1668,529.4,381.17
1669,527.68,383.35
1670,529.44,391.77
1671,515.77,396.19
1672,517.11,393.21
1673,521.98,403.45
1674,535.59,385.05
1675,527.14,385.57
1676,529.4,380.82
1677,521.27,386.2
1678,523.25,385.05
1679,515.35,378.72
1680,517.08,385.9
1681,521.78,375.34
1682,523.2,372.75
1683,521.51,380.54
1684,523.23,381.47
1685,528.31,382.36
1686,529.41,382.47
1687,527.17,384.34
1688,529.37,372.45
1689,522.11,375.91
1690,541.74,380.06
1691,515.64,377.94
1692,517.02,370.34
1693,527.61,374.43
1694,529.38,374.76
1695,528.25,372.72
1696,541.72,374.52
1697,537.74,359.8
1698,541.78,390.6
1699,521.82,381.35
1700,523.22,377.49
1701,521.46,374.18
1702,523.18,368.41
1703,515.96,377.66
1704,517.05,377.49
1705,515.64,377.03
1706,523.21,374.31
1707,533.01,384.59
1708,535.54,372.76
1709,527.98,382.52
1710,529.41,382.21
1711,515.07,379.86
1712,517.06,380.34
1713,521.77,374.65
1714,523.21,374.46
1715,521.77,374.58
1716,517.04,374.11
1717,518.34,364.01
1718,519.48,367.95
1719,520.93,378.25
1720,523.2,372.03
1721,521.79,371.18
1722,523.19,370.51
1723,521.72,367.02
1724,523.18,367.06
1725,527.91,372.15
1726,535.52,365.26
1727,528.21,367.05
1728,535.57,378.81
1729,527.03,373.34
1730,529.37,373.59
1731,521.76,372.59
1732,523.17,365.45
1733,529.34,364.93
1734,529.34,363.46
1735,526.44,365.7
1736,529.34,363.9
1737,527.89,369.97
1738,529.33,361.48
1739,534.77,375.4
1740,535.51,364.67
1741,528.19,364.99
1742,529.34,363.97
1743,538.73,367.39
1744,541.07,106.19
1745,489.29,304.96
1746,492.52,410.38
1747,521.16,336.11
1748,522.9,282.76
1749,515.57,254.76
1750,529.01,259.74
1751,521.36,319.55
1752,522.69,201.59
1753,522.8,428.05
1754,523.6,467.28
1755,516.5,461.86
1756,517.27,430.89
1757,514.87,416.72
1758,529.54,416.61
1759,521.75,411.74
1760,523.34,407.08
1761,517.17,407.3
1762,517.14,399.6
1763,523.35,409.32
1764,523.32,403.14
1765,529.72,456.3
1766,529.51,409.23
1767,523.04,421.16
1768,523.24,383.93
1769,522.88,276.45
1770,529.39,376.45
1771,528.69,484.81
1772,529.71,455.1
1773,515.53,436.61
1774,517.3,437.42
1775,526.8,277.64
1776,510.36,210.56
1777,522.23,395.73
1778,523.26,387.12
1779,541.1,404.39
1780,566.02,236.45
1781,558.92,186.82
1782,523.4,422.21
1783,528.99,376.67
1784,529.39,378.7
1785,528.96,371.17
1786,529.02,263.32
1787,523.05,422.9
1788,523.39,419.09
1789,523.01,414.64
1790,523.34,408.29
1791,522.97,406.73
1792,523.32,403.7
1793,522.96,404.16
1794,523.37,415.34
1795,523.17,446.69
1796,523.19,369.91
1797,522.05,306.16
1798,523.23,379.8
1799,521.71,366.04
1800,541.27,220.8
1801,529.61,431.46
1802,529.49,402.09
1803,522.26,342.68
1804,523.3,398.36
1805,529.06,390.98
1806,529.45,392.1
1807,517.08,385.59
1808,517.11,392.92
1809,517.12,395.26
1810,517.04,375.85
1811,535.59,383.98
1812,535.88,455.2
1813,523.35,409.48
1814,523.18,366.14
1815,508.53,296.54
1816,529.55,417.78
1817,509.08,364.03
1818,510.81,358.46
1819,521.98,356.87
1820,523.17,363.74
1821,521.09,364.13
1822,523.18,366.82
1823,546.72,372.67
1824,547.88,370.33
1825,516.03,387.95
1826,541.7,367.17
1827,540.96,378.69
1828,510.82,360.88
1829,608.91,397.18
1830,535.42,336.7
1831,546.59,351.91
1832,547.83,357.03
1833,559.83,446.31
1834,541.83,401.81
1835,515.18,350.85
1836,516.95,350.87
1837,521.71,365.54
1838,523.16,360.54
1839,521.38,363.4
1840,523.14,355.28
1841,527.44,352.2
1842,535.66,403.4
1843,532.89,371.86
1844,535.53,369.91
1845,527.88,368.52
1846,529.35,365.93
1847,527.81,358.47
1848,529.35,366.48
1849,528.19,364.1
1850,529.32,357.92
1851,527.81,359.24
1852,529.28,346.37
1853,528.17,361.45
1854,535.51,363.5
1855,539.82,362.36
1856,541.68,362.07
1857,521.66,358.63
1858,523.19,368.9
1859,515.53,362.9
1860,517,363.34
1861,521.94,399.07
1862,523.34,407.08
1863,522.03,364.65
1864,523.12,351.37
1865,531.85,362.92
1866,535.51,364.06
1867,521.07,362.45
1868,523.17,363.86
1869,527.87,367.09
1870,529.33,362.73
1871,521.08,358.36
1872,523.17,365.02
1873,515.27,369.26
1874,529.32,357.85
1875,528.18,363
1876,529.36,369.93
1877,521.71,366.31
1878,523.17,365.06
1879,526.98,367.98
1880,529.22,331.23
1881,522.01,360.55
1882,523.16,362.64
1883,515.58,368.76
1884,517.01,365.98
1885,514.95,364.72
1886,516.99,361.58
1887,521.37,362.83
1888,523.16,360.7
1889,514.93,363.33
1890,516.97,357.1
1891,521.59,390.49
1892,523.11,349.19
1893,514.84,352.47
1894,523.14,357.7
1895,521.4,366.91
1896,523.22,378.21
1897,520.93,378.58
1898,523.2,371.82
1899,515.34,377.79
1900,517.03,371.87
1901,508.58,370.33
1902,510.84,366.27
1903,515.28,363.62
1904,517.02,368.65
1905,515.56,366.48
1906,516.97,357.43
1907,512.38,100.89
1908,516.75,290.93
1909,520.06,365.31
1910,523.16,360.99
1911,515.26,368.02
1912,516.97,357.11
1913,514.94,363.68
1914,517.01,367.63
1915,533.52,380.65
1916,517.04,374.88
1917,515.57,367.42
1918,516.98,358.4
1919,527.81,358.04
1920,529.33,360.94
1921,520.76,358.89
1922,523.2,371.48
1923,509.16,374.17
1924,510.78,351.9
1925,521.63,354.54
1926,523.16,361.67
1927,511.84,362.76
1928,513.37,382.05
1929,520.43,378.37
1930,523.2,372.22
1931,508.54,298.37
1932,510.87,374.97
1933,521.67,360.37
1934,522.76,229.68
1935,548.66,428.12
1936,550.3,357.17
1937,546.71,224.01
1938,549.76,135.57
1939,517.21,417.85
1940,516.61,241.37
1941,504.94,431.33
1942,504.89,419.65
1943,503.49,399.48
1944,504.76,389.06
1945,502.85,383.08
1946,504.72,380.33
1947,503.05,378.84
1948,504.68,368.38
1949,509.47,375.66
1950,510.92,387.22
1951,501.61,381.44
1952,504.7,375.19
1953,508.95,382.36
1954,510.87,374.79
1955,501.92,368.26
1956,504.67,367.78
1957,539.93,376.41
1958,541.67,359.34
1959,540.92,373.22
1960,541.7,367.86
1961,495.16,369.82
1962,498.46,355.11
1963,521.36,361.26
1964,523.23,380.45
1965,472.01,370.85
1966,473.83,364.09
1967,503.57,364.63
1968,504.66,364.61
1969,502.61,359.14
1970,504.68,368.41
1971,496.65,381.23
1972,498.29,309.26
1973,497.15,263.21
1974,497.94,175.42
1975,485.72,457.38
1976,486.28,392.73
1977,484.01,369.21
1978,486.17,367.31
1979,484.57,366.47
1980,486.18,369.93
1981,484.81,365.95
1982,486.17,367.12
1983,476.31,358.06
1984,479.92,344.1
1985,478.58,355.15
1986,479.95,351.67
1987,496.99,350.69
1988,498.5,365.38
1989,498.49,362.28
1990,498.46,354.92
1991,492.28,352.83
1992,492.28,352.31
1993,490.53,349.5
1994,492.28,351.14
1995,485.61,393.89
1996,486.29,394.65
1997,483.51,167.23
2005,474.71,539.1
2006,474.34,472.59
2007,490.11,333.76
2008,491.62,81.4
2011,502.42,336.84
2012,504.3,255.52
2013,479.48,398.46
2014,479.83,320.26
2015,479.09,385.38
2016,479.72,288.4
2017,478.69,369.86
2018,479.64,263.33
2019,479.75,298.62
2020,479.52,220.5
2021,504.36,276.33
2022,504.32,263.31
2023,503.36,272.21
2024,504.16,198.77
2025,483.95,331.38
2026,485.85,277.18
2027,491.14,289.56
2028,491.82,201.6
2029,485.49,374.19
2030,486.23,380.96
2031,484.55,282.35
2032,485.71,225.75
2033,459.09,129.26
2034,460.78,101.47
2035,469.31,651.98
2036,467.77,388.41
2037,477.31,306.79
2038,479.49,207.36
2039,473.01,467.63
2040,473.6,302.38
2041,472.65,283.49
2042,473.6,302.59
2043,478.72,270.51
2044,480.4,453.7
2045,477.24,236.29
2046,479.26,60.54
2047,474.33,471.23
2048,473.48,264.33
2049,495.32,268.58
2050,499.02,481.24
2051,478.58,308.07
2052,479.49,204.84
2053,492.27,349.24
2054,492.15,315.63
2055,495.62,296.98
2056,497.96,187.57
2057,478.37,217.69
2058,479.62,255.37
2059,468.45,521.02
2060,468.16,468.18
2061,466.32,255.42
2062,467.01,136.27
2063,461.52,367.08
2064,462.12,489.77
2065,483.59,256.99
2066,485.56,160.62
2067,472.66,385.57
2068,473.43,249.88
2069,479.12,389.02
2070,479.58,241.19
2071,472.83,314.61
2072,473.35,216.77
2073,479.43,181.45
2074,480.4,454.12
2075,493.89,142.27
2077,491.48,473.5
2078,492.66,442.04
2079,477.22,430.81
2080,480.13,395.36
2081,479.98,422.73
2082,480.19,409.57
2083,485.52,378.23
2084,486.34,407.1
2085,476.66,270.48
2086,480.31,434.05
2087,483.65,298.3
2088,486.33,404.62
2089,489.86,364.27
2090,492.41,385.58
2091,502.77,378.26
2092,504.7,373.04
2093,503.02,374.28
2094,504.72,379.71
2095,489.75,378.35
2096,492.36,373.12
2097,502.33,357.8
2098,504.6,348.57
2099,502.54,350.55
2100,504.62,354.76
2101,500.2,365.14
2102,502.19,364.13
2103,487.57,355.02
2104,489.83,357
2105,487.83,354.18
2106,489.81,350.99
2107,492.25,344.92
2108,492.27,348.59
2109,501.99,345.18
2110,504.6,348.35
2111,508.54,366.59
2112,510.65,314.3
2113,551.6,299.88
2114,553.74,267.92
2115,593.96,100.88
2116,597.1,302.89
2117,593.58,350.77
2118,597.17,327.21
2119,582.42,304.92
2120,584.75,308.98
2121,589.44,308.54
2122,591.06,351.18
2123,527.65,379.16
2124,529.35,365.94
2125,540.14,361.26
2126,541.62,345.91
2127,527.47,356.47
2128,529.3,354.3
2129,515.05,340.64
2130,516.95,352.39
2131,514.77,343.99
2132,516.92,342.4
2133,521.59,349.66
2134,523.11,347.78
2135,515.06,342.93
2136,516.93,346.42
2137,509.61,348.09
2138,510.75,342.41
2139,508.35,312.86
2140,510.65,312.67
2141,515.22,320.34
2142,516.89,333.98
2143,503.04,329.7
2144,504.48,315.11
2145,515.57,319.2
2146,516.86,324.6
2147,508.6,304.56
2148,510.74,338.94
2149,503.38,337.13
2150,504.54,331.15
2151,512.98,336.84
2152,516.85,322.27
2153,509.01,312.3
2154,510.63,307.11
2155,516,382.95
2156,516.93,344.99
2157,503.22,361.03
2158,504.56,337.58
2159,506.55,343.58
2160,510.64,310.27
2161,509,353.16
2162,510.75,342.92
2163,508.81,287.31
2164,510.88,376.72
2165,502.77,301.82
2166,504.68,370
2167,504.46,306.77
2168,504.54,332.12
2169,504.62,354.2
2170,504.44,303.27
2171,509.35,308.75
2172,510.7,328.52
2173,509.3,351.65
2174,510.76,346.37
2175,502.41,299.95
2176,504.5,318.41
2177,509.64,352.17
2178,510.68,322.53
2179,503.74,335.86
2180,504.54,332.64
2181,501.62,311.48
2182,504.49,316.06
2183,502.92,320.33
2184,504.52,325.26
2185,490.98,322.94
2186,492.16,319.02
2187,502.94,323.24
2188,504.35,273.15
2189,521.99,357.32
2190,523.08,340.53
2191,509.48,328.85
2192,510.67,321.15
2193,507.33,319.46
2194,510.66,316.2
2195,509.43,320.37
2196,510.67,318.43
2197,503.11,346.07
2198,504.66,364.85
2199,497.26,341.46
2200,498.28,304.93
2201,496.99,239.56
2202,498.14,259.35
2203,497.42,307.64
2204,498.41,343.1
2205,508.18,355.4
2206,510.66,317.25
2207,521.33,314.95
2208,523,314.55
2209,515.92,310.56
2210,516.82,314.61
2211,516.8,308.56
2212,516.82,312.06
2213,519.15,302.68
2214,523.03,324.54
2215,534.4,310.56
2216,535.33,309.18
2217,520.75,326.38
2218,523.05,330.23
2219,496.56,335.88
2220,498.36,328.01
2221,489.79,329.21
2222,491.59,42.41
2227,466.87,348.06
2228,467.7,370.31
2229,460.28,330.72
2230,461.37,329.94
2231,466.29,355.52
2232,467.44,303.65
2233,491.46,340.61
2234,492.13,309.82
2235,483.82,346.86
2236,486.04,332.23
2237,472.15,316.11
2238,473.67,323.33
2239,441.8,323.66
2240,442.89,330.73
2241,442,302.28
2242,442.93,339.18
2243,427.76,323.21
2244,430.57,329.15
2245,441.61,339.2
2246,441.59,337.62
2247,435.39,329.67
2248,435.7,331.23
2249,429.49,320.71
2250,442.86,322.05
2251,442.09,317.17
2252,441.67,306.03
2253,435.55,309.21
2254,435.55,308.13
2255,472.12,264.96
2256,472.77,303.19
2257,429.73,356.81
2258,430.04,297.45
2259,540.46,291.96
2260,540.47,293.42
2261,540.41,284.57
2262,539.53,282.43
2263,552.33,338.67
2264,479.12,336.62
2265,454.45,377.88
2266,454.34,361.08
2267,417.4,348.41
2268,417.39,347.85
2269,398.98,348.66
2270,399.28,352.25
2271,374.91,379.84
2272,375.1,368.16
2273,368.33,311.64
2274,368.64,359.14
2275,387.28,349.52
2276,386.92,338.27
2277,318.88,291.5
2278,319.3,271.39
2279,319.1,285.58
2280,319.63,274.11
2281,313.84,378.06
2282,313.63,404.51
2283,312.85,332.71
2284,313.15,311.77
2285,313.64,380.05
2286,313.58,372.81
2287,319.19,332.99
2288,319.57,354.84
2289,319.26,342.87
2290,319.21,336.18
2291,331.43,333.51
2292,331.69,335.2
2293,331.45,335.27
2294,331.68,333.58
2295,331.44,333.65
2296,331.55,332.29
2297,320.56,337.9
2298,320.46,339.89
2299,320.44,336.48
2300,320.61,344.21
2301,273.1,370.07
2302,272.92,346.82
2303,280.25,345.58
2304,280.18,337.4
2305,280.15,333.14
2306,279.87,354.77
2307,263.85,336.37
2308,264.11,346.73
2309,268.45,283.81
2310,269.15,344.58
2311,255.6,330.73
2312,255.53,310.87
2313,255.85,349.6
2314,255.47,315.11
2315,255.77,350.9
2316,255.3,295.12
2317,255.46,314.07
2318,255.35,288.56
2319,280.02,317.41
2320,280.11,328.81
2321,271.51,322.96
2322,271.38,319.83
2323,277.56,327.83
2324,277.49,318.75
2325,277.52,323.26
2326,277.44,325.41
2327,255.47,326.12
2328,255.45,323.32
2329,272.56,323.77
2330,272.61,320.02
2331,262.91,329.05
2332,262.96,323.6
2333,266.75,338.46
2334,266.66,339.16
2335,266.48,318.11
2336,266.78,353.48
2337,257.93,317.97
2338,257.95,319.56
2339,248.18,319.8
2340,248.26,317.87
2341,266.71,334.25
2342,266.58,318.1
2343,267.81,318.85
2344,267.99,341
2345,256.8,317.54
2346,256.8,317.4
2347,256.83,320.22
2348,256.88,326.81
2349,267.88,327.65
2350,267.85,323.52
2351,265.34,316.06
2352,265.46,317.32
2353,263.03,319.75
2354,262.37,229.5
2355,197.95,272.02
2356,198.33,314.39
2357,198.35,316.25
2358,198.3,318.57
2359,198.29,318.27
2360,198.31,319.49
2361,256.82,319.65
2362,256.76,323.83
2363,251.87,320.35
2364,251.93,318.61
2365,264.21,327.26
2366,264.29,324.89
2367,264.25,318.79
2368,264.67,315.66
2369,264.7,319.98
2370,264.76,329.7
2371,250.01,318.81
2372,249.66,315.53
2373,250.82,307.18
2374,250.44,308.61
2375,262.67,312.02
2376,262.93,306.89
2377,262.96,310.44
2378,262.78,313.52
2379,262.76,310.49
2380,262.63,306.61
2381,266.42,321.83
2382,266.48,317.65
2383,249.34,312.24
2384,249.36,315.01
2385,240.78,310.62
2386,240.7,311.16
2387,251.68,311.28
2388,251.91,328.09
2389,251.17,236.87
2390,251.75,328.74
2391,246.96,338.52
2392,246.75,324.16
2393,266.41,340.59
2394,266.48,329.01
2395,251.75,319.16
2396,252.19,313.23
2397,252.17,307.36
2398,251.93,306.48
2399,251.96,310.29
2400,251.76,309.37
2401,282.32,311.56
2402,282.31,310.36
2403,265.16,305.07
2404,265.25,303.53
2405,264.02,303.54
2406,263.79,299.89
2407,266.37,316.02
2408,266.46,302.85
2409,266.57,315.95
2410,266.44,313.03
2411,256.58,302.66
2412,256.77,313.6
2413,259.12,302.06
2414,259.19,311.01
2415,275.11,313.9
2416,274.91,315.18
2417,249.22,309.43
2418,249.61,322.05
2419,249.28,305.75
2420,249.45,302.46
2421,249.43,298.92
2422,249.21,318.08
2423,249.09,304.04
2424,249.48,317.45
2425,249.41,308.84
2426,249.39,306.57
2427,253.16,320.32
2428,252.87,317.68
2429,254.02,307.47
2430,254.34,301.67
2431,254.17,280.6
2432,254.56,330.46
2433,254.37,329.66
2434,254.18,306.6
2435,254.25,315.13
2436,254.4,321.81
2437,267.75,311.58
2438,267.84,309.59
2439,270.3,311.26
2440,270.18,309.2
2441,256.73,308.81
2442,256.65,297.94
2443,281.23,314.83
2444,281.17,307.56
2445,261.61,307.47
2446,261.61,307.29
2447,271.34,300.95
2448,271.49,320.41
2449,270.13,303.32
2450,270.18,309.03
2451,270.17,307.84
2452,270.25,317.74
2453,265.28,308.4
2454,265.23,302.09
2455,275.01,302.09
2456,275.12,301.78
2457,272.67,300.8
2458,272.6,306.14
2459,253.03,303.33
2460,253.07,295.8
2461,252.95,302.72
2462,252.75,304.21
2463,252.73,301.78
2464,252.66,257.61
2465,272.76,326.29
2466,272.62,308.54
2467,270.16,306.43
2468,270.3,310.99
2469,259.09,283.56
2470,259.29,322.35
2471,259.13,303.12
2472,259.22,301.12
2473,259.19,297.59
2474,259.17,307.3
2475,262.81,304.77
2476,262.8,303.35
2477,271.41,310.4
2478,271.33,299.98
2479,256.67,300.24
2480,256.44,307.66
2481,253.89,294.51
2482,254.29,295.64
2483,254.31,297.85
2484,254.13,301.42
2485,254.1,297.67
2486,254.23,301.36
2487,256.65,298.09
2488,256.51,293.6
2489,267.54,297.42
2490,267.74,295.73
2491,267.73,294.49
2492,267.66,299.86
2493,267.68,303.01
2494,267.79,315.86
2495,250.56,301.06
2496,250.45,286.64
2497,263.98,298.47
2498,263.96,295.58
2499,254.22,291.77
2500,254.19,296.46
2501,259.08,296.72
2502,258.93,290.84
2503,269.95,292.86
2504,269.77,295.39
2505,258.79,296.66
2506,258.83,301.34
2507,255.03,286.08
2508,255.23,297.7
2509,261.34,298.18
2510,261.42,296.5
2511,262.62,293.54
2512,262.72,293.67
2513,265.16,293.08
2514,265.12,287.51
2515,265.17,293.65
2516,265.18,295.04
2517,263.94,293.48
2518,263.94,292.89
2519,267.55,285.63
2520,267.64,296.82
2521,266.44,299.98
2522,266.35,288.26
2523,271.26,290.95
2524,271.41,296.36
2525,264.09,298.85
2526,263.89,299.94
2527,263.79,287.7
2528,263.94,278.29
2529,268.96,296.15
2530,268.84,294
2531,267.66,299.71
2532,267.64,297.21
2533,256.61,293.85
2534,256.73,295.37
2535,256.72,293.8
2536,256.75,297.7
2537,256.65,303.27
2538,256.53,296.1
2539,256.57,300.3
2540,256.71,292.45
2541,256.81,305.84
2542,256.71,292.29
2543,256.71,292.12
2544,256.7,291.11
2545,256.56,299.07
2546,256.63,308.47
2547,256.27,288.19
2548,256.47,289.05
2549,265.02,288.22
2550,265.06,280.19
2551,265.15,291.13
2552,265.22,286.25
2553,265.17,279.56
2554,265.11,285.51
2555,260.17,279.93
2556,260.2,283.75
2557,273.71,288.97
2558,273.69,289.24
2559,262.69,289.74
2560,262.66,285.69
2561,262.66,284.86
2562,262.58,289.3
2563,257.7,289.14
2564,257.88,298.93
2565,252.9,287.44
2566,252.99,285.74
2567,253,286.92
2568,252.79,286.55
2569,252.77,284.33
2570,252.99,298.43
2571,256.56,287.42
2572,256.59,290.83
2573,266.32,283.89
2574,266.33,285.55
2575,269.94,278.71
2576,269.99,284.62
2577,270.02,288.14
2578,270.09,297.12
2579,270.06,294.49
2580,269.97,295.9
2581,253.99,283.52
2582,254.07,281.14
2583,261.42,283.52
2584,261.32,283.72
2585,257.65,283.19
2586,257.84,280.02
2587,257.86,282.33
2588,257.65,283.3
2589,257.68,286.6
2590,257.92,290.64
2591,270.13,284.71
2592,270.03,290.35
2593,266.27,278.43
2594,266.3,295.4
2595,261.36,288.89
2596,261.3,281.59
2597,268.63,280.56
2598,268.81,289.68
2599,268.81,290.12
2600,268.8,274.12
2601,268.88,284.51
2602,268.63,281.45
2603,268.67,285.78
2604,268.77,284.6
2605,268.69,274.36
2606,267.5,127.51
2607,268.51,250.42
2608,268.32,152.49
2609,268.52,0
2610,268.76,226.78
2611,269.33,343.92
2612,269.17,335.57
2613,265.39,322.34
2614,265.3,310.43
2615,268.91,303.67
2616,268.8,302.35
2617,265.09,297
2618,265.31,298.57
2619,265.11,297.53
2620,265.21,284.75
2621,265.26,290.98
2622,265.19,296.85
2623,257.8,289.22
2624,257.82,291.56
2625,262.72,292.97
2626,262.85,295.8
2627,262.82,292.36
2628,262.8,288.97
2629,262.78,286.61
2630,262.79,288.29
2631,262.79,288.35
2632,262.8,288.97
2633,262.8,289.62
2634,262.79,302.67
2635,270.02,288.37
2636,270.03,290.11
2637,256.64,296.97
2638,256.63,295.25
2639,262.72,292.6
2640,262.78,286.73
2641,262.74,280.92
2642,262.7,275.93
2643,262.71,277.88
2644,262.73,280.1
2645,262.69,274.83
2646,262.78,286.01
2647,262.72,278.44
2648,262.89,286.43
2649,266.61,293.26
2650,266.42,283
2651,266.43,283.96
2652,266.32,284.97
2653,266.41,296.48
2654,266.37,291.17
2655,255.27,278.38
2656,255.13,285.77
2657,261.13,273.89
2658,261.22,284.65
2659,267.39,289.27
2660,267.59,290.36
2661,267.55,285.46
2662,267.67,285.68
2663,250.62,295.97
2664,250.38,277.59
2665,254.14,290.43
2666,254.06,279.17
2667,260.14,275.9
2668,260.02,287.09
2669,262.32,269.21
2670,262.57,286.89
2671,262.54,283.22
2672,262.76,283.54
2673,262.75,282.99
2674,262.56,272.35
2675,249.23,287.02
2676,249.17,279.34
2677,250.41,281.48
2678,250.33,271.29
2679,268.71,277.19
2680,268.77,269.42
2681,265.13,274.31
2682,265.18,280.22
2683,265.18,281.08
2684,265.03,275.39
2685,254.05,278.88
2686,253.97,281.05
2687,257.64,282.51
2688,257.48,274.97
2689,247.77,279.81
2690,247.92,276.09
2691,261.33,271.19
2692,261.24,273.79
2693,261.23,273.14
2694,261.23,272.18
2695,260.99,269.25
2696,261.18,266.64
2697,252.66,270.76
2698,252.65,269.15
2699,269.75,268.08
2700,260.09,269.76
2701,263.74,267.2
2702,263.92,275.26
2703,263.87,269.26
2704,263.87,268.59
2705,250.45,272.84
2706,250.43,270.88
2707,251.65,269.63
2708,251.7,276.9
2709,250.6,292.47
2710,250.62,280.63
2711,256.69,273.79
2712,256.3,236.59
2713,256.43,254.7
2714,256.51,293.34
2715,256.34,272.75
2716,256.37,227.05
2717,256.68,272.75
2718,256.72,293.71
2719,251.37,231.92
2720,251.51,251.32
2721,261.4,265.45
2722,260.98,240.66
2723,254.22,311.98
2724,253.95,279.73
2725,253.83,260.35
2726,253.76,241.8
2727,294.46,284.82
2728,294.3,243.07
2729,268.63,249.75
2730,268.89,286.72
2731,260.26,276.36
2732,260.15,262.26
2733,262.72,278.89
2734,262.67,271.87
2735,262.46,273.28
2736,262.36,261.44
2737,262.49,277.67
2738,262.36,228.34
2739,244.49,293
2740,244.25,275.7
2741,252.8,275.16
2742,252.68,243.79
2743,255.47,290.43
2744,255.19,253.08
2745,249.07,251.93
2746,249.34,287.23
2747,244.19,253.76
2748,244.07,236.82
2749,246.68,259.6
2750,246.92,290.83
2751,245.46,260.1
2752,245.39,249.85
2753,247.7,231.31
2754,248.11,286.19
2755,248,272.79
2756,247.31,212.84
2757,259.01,301.11
2758,258.83,248.21
2759,251.7,276.75
2760,251.62,265.74
2761,257.84,279.9
2762,257.55,270.92
2763,260.04,277.16
2764,260.11,272.1
2765,246.7,276.34
2766,247,271.19
2767,256.71,259.24
2768,256.57,274.58
2769,256.19,221.2
2770,256.75,283.63
2771,256.68,272.94
2772,256.59,277.32
2773,263.39,201.8
2774,263.94,278.81
2775,265.04,261.63
2776,265.06,245.46
2777,265.19,265.19
2778,265.1,270.1
2779,265.16,276.97
2780,265.22,269.01
2781,255.46,273.08
2782,255.51,262.43
2783,264.07,260.61
2784,264.08,261.73
2785,257.94,260.69
2786,257.95,262.26
2787,257.99,267.36
2788,258.29,274.4
2789,250.67,270.78
2790,250.53,268.25
2791,251.74,265.91
2792,251.75,267.35
2793,249.27,263.29
2794,249.28,264.25
2795,245.64,268.72
2796,245.66,270.92
2797,259.06,264.05
2798,259.04,260.18
2799,255.38,261.56
2800,255.39,263.44
2801,244.4,266.76
2802,244.38,264.24
2803,246.8,260.36
2804,246.66,219.78
2805,246.58,245.95
2806,246.98,268.36
2807,254.36,273.9
2808,254.32,267.9
2809,254.34,270.88
2810,254.09,269.88
2811,249.19,267.64
2812,249.42,266.76
2813,245.76,268.78
2814,245.74,265.49
2815,249.42,266.73
2816,249.44,269.76
2817,244.53,267.29
2818,244.49,262.56
2819,244.51,265.74
2820,244.53,267.8
2821,244.52,266.26
2822,244.19,215.73
2823,266.61,275.92
2824,266.72,271.24
2825,255.75,280.32
2826,255.54,266.91
2827,255.53,265.24
2828,255.54,267.94
2829,255.54,267.15
2830,255.53,266.05
2831,255.52,264.69
2832,255.41,266.24
2833,245.58,260.31
2834,245.74,266.3
2835,248.19,266.84
2836,248.21,268.77
2837,248.21,268.62
2838,248.19,265.86
2839,248.15,260.95
2840,248.04,261.97
2841,248.03,260.94
2842,248.19,265.74
2843,255.48,258.47
2844,255.49,260.32
2845,260.4,261.76
2846,260.41,263.18
2847,253.07,264.79
2848,252.95,263.84
2849,249.22,256.48
2850,249.26,261.74
2851,249.22,256.4
2852,249.26,262.27
2853,252.9,257.87
2854,252.8,260.75
2855,254.05,263.84
2856,254.03,261.04
2857,236.9,259.63
2858,236.9,259.45
2859,261.36,260.25
2860,261.5,262.59
2861,261.49,260.95
2862,261.65,264.68
2863,261.63,261.94
2864,261.5,262.25
2865,241.95,266.27
2866,241.93,263.34
2867,245.59,261.62
2868,245.73,264.29
2869,245.67,254.98
2870,246,267.01
2871,245.98,262.93
2872,245.95,258.24
2873,246.01,267.81
2874,245.95,258.54
2875,255.78,263.15
2876,255.75,258.39
2877,255.78,263.21
2878,255.25,260.96
2879,251.6,263.64
2880,251.83,262.39
2881,251.81,258.78
2882,252.08,259.43
2883,252.11,264.77
2884,251.96,237.42
2885,282.88,287.54
2886,282.75,262.34
2887,282.62,234.28
2888,282.85,281.29
2889,282.76,263.57
2890,282.67,245.54
2891,282.42,187.78
2892,281.93,225.38
2893,282.56,221.36
2894,282,212.68
2895,282.24,250.32
2896,282.23,268.65
2897,282.46,262.55
2898,282.15,257.1
2899,282.4,252.94
2900,266.46,251.85
2901,266.78,258.03
2902,266.77,255.66
2903,266.37,258.4
2904,266.36,257.11
2905,265.78,257.09
2906,269.15,247.48
2907,269.83,245.87
2908,269.84,247.6
2909,269.9,256.14
2910,269.98,263.91
2911,270.04,258.07
2912,269.99,250.63
2913,269.7,227.72
2914,269.7,228.81
2915,269.75,235.06
2916,263.63,234.49
2917,263.77,255.17
2918,257.64,253.54
2919,263.76,252.54
2920,263.75,251.96
2921,263.92,258.03
2922,263.85,248.11
2923,263.87,250.61
2924,263.89,253.05
2925,264.01,252.02
2926,264.06,259.54
2927,263.96,243.17
2928,263.81,259.75
2929,264.35,261.47
2930,264.27,245.45
2931,245.98,263.32
2932,245.61,245.83
2933,245.46,222.38
2934,245.63,248.89
2935,244.35,224.47
2936,244.15,204.16
2937,245.15,217.99
2938,245.09,209.9
2939,245.07,207.19
2940,270.36,318.43
2941,269.89,285.44
2942,269.66,256.98
2943,269.96,245.81
2944,269.99,250.79
2945,269.94,243.14
2946,270,252.29
2947,270.12,249.55
2948,270.19,260.07
2949,270.13,250.97
2950,270.09,244.88
2951,270.09,244.36
2952,270.13,251.44
2953,270.17,257.99
2954,245.63,248.85
2955,245,175
2956,245.77,283.97
2957,245.72,262.23
2958,257.87,249.4
2959,269.86,251.17
2960,270.15,253.51
2961,270.41,247.61
2962,245.61,246.21
2963,245.7,259.14
2964,239.53,252.2
2965,239.36,245.83
2966,239.37,246.64
2967,239.48,245.21
2968,239.5,247.71
2969,239.79,251.67
2970,251.74,248.09
2971,251.75,249.19
2972,245.62,247.56
2973,245.52,251.88
2974,245.53,252.66
2975,245.64,250.83
2976,245.65,251.82
2977,245.67,255.12
2978,245.69,258.51
2979,245.67,255.9
2980,245.65,252.8
2981,245.66,254.17
2982,270.17,256.55
2983,270.2,262.37
2984,270.16,256.14
2985,270.07,240.47
2986,269.94,242.6
2987,269.96,246.66
2988,239.49,245.81
2989,239.49,246.57
2990,239.52,250.9
2991,239.5,248.3
2992,239.47,243
2993,239.53,251.98
2994,239.55,254.67
2995,239.46,241.17
2996,251.71,243.94
2997,251.7,241.99
2998,251.75,249.28
2999,251.72,244.74
3000,264.01,251.92
3001,264.01,252.18
3002,264.03,254.41
3003,263.33,138.95
3004,263.58,180.16
3005,261.8,29.03
3006,263.76,211.28
3007,264.36,262.68
3008,264.34,259.11
3009,264.33,258.23
3010,264.33,258.26
3011,264.33,257.78
3012,264.31,253.82
3013,264.32,255.85
3014,264.32,256.36
3015,264.31,253.37
3016,263.75,109.74
3019,251.97,282.35
3020,233.52,268.02
3021,233.52,267.54
3022,245.78,272.26
3023,245.81,275.41
3024,251.79,256.25
3025,251.71,262.32
3026,251.51,233.53
3027,251.37,212.29
3028,238.07,80.02
3045,271.3,388.03
3046,270.82,351.7
3047,227.93,334.77
3048,227.57,313.5
3049,227.43,297.17
3050,227.29,250.57
3051,227.1,222.26
3052,226.12,78.55
3053,226.83,78.75
3056,245.81,327.78
3057,245.72,336.02
3058,245.63,326.01
3059,245.38,317.14
3060,245.26,311.89
3061,245.2,306.43
3062,245.83,306.97
3063,245.6,303
3064,245.74,295.86
3065,245.73,295.3
3066,245.92,291.57
3067,245.87,285.1
3068,245.85,281.9
3069,245.88,286.51
3070,245.72,280.22
3071,239.63,282.32
3072,239.95,278.55
3073,239.93,276.12
3074,239.94,276.54
3075,270.53,270.89
3076,270.56,276.09
3077,270.53,271.3
3078,270.57,278.05
3079,239.66,271.76
3080,239.91,272.44
3081,239.91,272.2
3082,239.88,267.24
3083,239.85,262.11
3084,264.12,268.89
3085,264.07,261.52
3086,263.85,266.53
3087,263.86,248.72
3088,263.99,268.2
3089,264.02,254.03
3090,264.1,265.66
3091,264.1,265.29
3092,263.99,248
3093,263.62,233.69
3094,263.6,230.2
3095,263.71,227.16
3096,263.65,217.84
3097,263.82,220.71
3098,263.81,219.23
3099,263.81,218.32
3100,263.81,218.42
3101,263.78,213.79
3102,245.4,212.84
3103,245.42,254.04
3104,245.85,297.41
3105,252,287.22
3106,251.93,277.16
3107,258.03,274.33
3108,258.02,272.14
3109,258.03,273.93
3110,256.86,91.72
3111,257.63,210.9
3112,257.95,261.86
3113,257.97,264.97
3114,257.94,260.66
3115,258.22,261.94
3116,258.23,263.34
3117,257.73,265.43
3118,257.51,234.66
3119,257.69,259.19
3120,257.68,258.09
3121,257.69,259.38
3122,257.68,258.9
3123,257.93,258.04
3124,257.95,260.95
3125,257.95,260.97
3126,257.69,259.26
3127,257.71,260.13
3128,258.21,260.16
3129,258.12,241.9
3130,258.12,241.94
3131,258.02,223.34
3132,258.22,260.47
3133,258.22,260.85
3134,258.21,258.82
3135,258.21,259.88
3136,258.22,260.99
3137,258.2,257.55
3138,258.2,257.15
3139,258.2,257.56
3140,258.19,256.54
3141,245.93,254.51
3142,245.98,262.85
3143,245.96,259.85
3144,245.87,244.32
3145,245.6,245.46
3146,245.65,253.03
3147,245.39,250.1
3148,245.38,249.49
3149,257.59,246.71
3150,257.75,250.31
3151,257.49,212.32
3152,257.69,259.92
3153,257.67,257.08
3154,257.59,246.64
3155,257.58,244.57
3156,257.58,243.99
3157,257.55,240.08
3158,257.29,238.6
3159,257.57,243.61
3160,257.59,246.38
3161,257.71,244.81
3162,257.63,243.47
3163,257.64,243.56
3164,257.59,246.18
3165,233.15,248.11
3166,233.09,240.29
3167,233.07,236.97
3168,233.06,235.67
3169,245.3,238.48
3170,245.3,237.49
3171,245.3,237.49
3172,245.3,238.33
3173,245.29,236.86
3174,245.41,236.43
3175,233.15,232.44
3176,233.03,231.64
3177,233.07,237.97
3178,232.96,223.15
3179,232.89,228.6
3180,232.93,234.2
3181,233.18,236.07
3182,233.3,235.68
3183,233.19,233.04
3184,233.27,231.54
3185,239.39,231.58
3186,239.38,229.72
3187,239.37,229.02
3188,239.37,228.23
3189,245.5,228.94
3190,245.5,229.54
3191,239.37,227.46
3192,239.42,236.02
3193,239.43,237.42
3194,239.3,237.58
3195,239.28,233.88
3196,239.14,232.28
3197,239.12,229.6
3198,239.14,231.87
3199,239.13,230.93
3200,239.4,232.33
3201,239.01,169.72
3202,238.95,186.35
3203,239.18,219.85
3204,239.39,250
3205,239.33,241.71
3206,239.46,241.65
3207,239.45,240.94
3208,239.44,238.1
3209,239.42,236.46
3210,239.43,237.32
3211,239.41,233.59
3212,239.71,238.29
3213,239.77,249.4
3214,239.77,248.84
3215,227.5,245.38
3216,227.48,240.8
3217,227.43,233.17
3218,227.39,225.29
3219,227.31,210.31
3220,227.48,241.82
3221,251.91,227.16
3222,251.94,232.17
3223,238.86,193.67
3224,239,212.84
3225,238.94,205.14
3226,239.13,188.76
3227,239.34,223.59
3228,238.61,159.97
3229,229.13,270.52
3230,217.56,253.75
3231,269.83,247.23
3232,231.01,246.12
3233,251.2,240.97
3234,233.68,242.32
3235,237.86,236.46
3236,239.75,230.18
3237,217.7,234
3238,229.53,238.4
3239,223.58,236.52
3240,236.75,227.22
3241,237.75,237.43
3242,230.8,235.64
3243,237.08,235.55
3244,238.08,236.02
3245,241.79,234.19
3246,238.56,232.59
3247,238.91,234.32
3248,237.25,230.68
3249,234.7,228.76
3250,233.58,228.43
3251,231.34,227.07
3252,237.17,227.51
3253,239.11,227.38
3254,269.96,222.85
3255,236.34,219.63
3256,238.99,219.07
3257,238.82,220.02
3258,239.3,220.65
3259,262.53,207.57
3260,235.14,233
3261,233.94,229.15
3262,232.16,235.81
3263,251.66,235.31
3264,245.56,239.76
3265,225.86,233.36
3266,221.86,216.88
3267,226.57,216.61
3268,229.91,209.7
3269,226.37,215.9
3270,237.12,230.02
3271,238.75,235.31
3272,229.72,231.16
3273,236.71,228.69
3274,234.91,224.87
3275,239.33,225.01
3276,245.46,222.84
3277,237.02,225.44
3278,251.27,224.61
3279,242.62,224.28
3280,242.62,225.4
3281,239.67,223.61
3282,242.11,220.09
3283,239.12,221.23
3284,238.73,224.01
3285,237.14,223.65
3286,239.47,220.09
3287,236.54,222.02
3288,239.38,223.45
3289,239.38,223.2
3290,240.58,227.91
3291,238.99,228.69
3292,245.23,217.95
3293,237.47,231.3
3295,232.54,243.39
3296,258.17,251.71
3297,234.32,247.21
3298,241.91,245.6
3299,242.21,242.94
3300,243.26,241.97
3301,240.9,240.56
3302,235.86,180.15
3303,243.55,223.5
3304,227.61,224.92
3305,230.19,231.81
3306,241.27,228.81
3307,234.42,225.81
3308,237.31,226.44
3309,243.36,226.37
3310,240.74,227.71
3311,238.83,223.23
3312,232.19,225.08
3313,233.1,222.33
3314,229.45,227.47
3315,230,223.21
3316,232.45,227.58
3317,237.48,226.23
3318,245.21,225.66
3319,236.18,225.6
3320,236.46,223.9
3321,230.25,224.86
3322,220.45,225.45
3323,224.9,224.15
3324,229.82,223.05
3325,231.18,223.32
3326,245.2,224.67
3327,229.28,220.69
3328,236.74,220.49
3329,228.71,215.17
3330,232.55,217.9
3331,229.32,216.82
3332,232.5,219.31
3333,241.89,219.06
3334,241.71,224.25
3335,244.27,236
3336,252.12,230.49
3337,237.81,229.51
3338,243.04,227.59
3339,235.8,229.33
3340,236.18,222.57
3341,245.55,220.32
3342,242.06,218.89
3343,247.78,219.4
3344,240.75,215.59
3345,233.88,219.15
3346,244.35,217.9
3347,241.3,220
3348,234.47,220.04
3349,230.4,219.26
3350,235.61,213.06
3351,247.65,218.61
3352,231.36,222.66
3353,220.26,216.38
3354,220.61,214.27
3355,232.81,218.12
3356,223.53,219.09
3357,229.48,213
3358,223.14,240.21
3359,225.1,240.3
3360,210.72,234.21
3361,213.74,228.07
3362,206.1,229.68
3363,216.62,228.53
3364,216.04,229.56
3365,222.55,226.58
3366,226.54,224.77
3367,234.85,225.75
3368,258.06,231.42
3369,225.74,228.69
3370,215.74,228.84
3371,206.21,229.02
3372,217.93,230.51
3373,227.48,223.76
3374,230.33,218.42
3375,237.08,212.79
3376,238.73,211.88
3377,233.1,219.1
3378,257.97,212.24
3379,237.8,214.54
3380,231.12,222.06
3381,240.89,169.28
3382,254.11,212.67
3383,242.08,213.48
3384,237.46,218.37
3385,209.77,215.2
3386,212.51,221.27
3387,220.21,218.74
3388,234.4,218.16
3389,216.93,220.42
3390,251.9,225.62
3391,213.42,224.27
3392,204.67,226.22
3393,193.93,229.5
3394,194.37,223.39
3395,212.81,223.72
3396,216.45,219.94
3397,217.51,219.96
3398,223.59,211.63
3399,232.78,212.76
3400,232.78,213.81
3401,204.25,215
3402,216.63,219.85
3403,217.35,222.86
3404,214.45,230.46
3405,207.91,212.16
3406,198.3,223.36
3407,240.37,214.08
3408,230.63,225.24
3409,233.33,224.38
3410,230.98,219.29
3411,233.22,217.87
3412,237.42,221.38
3413,208.48,224.09
3414,194.6,224.06
3415,192.94,221.5
3416,225.63,219.82
3417,208.74,219.22
3418,195.02,224.49
3419,201.7,222.02
3420,213.3,223.73
3421,225.5,217.9
3422,209.45,218.64
3423,197.11,222.45
3424,193.98,218.06
3425,210.9,216.04
3426,202.16,219.66
3427,207.04,218.12
3428,223.04,217.49
3429,207.71,213.78
3430,188.08,214.7
3431,207.24,213.57
3432,245.4,214.04
3433,223.42,212.91
3434,211.43,215.1
3435,205.97,213.22
3436,202.98,219.34
3437,216.09,218.13
3438,229.2,215.39
3439,226.54,213.5
3440,210.38,218.62
3441,239.64,224.68
3442,201.58,220.81
3443,202.68,219.17
3444,184.69,217.08
3445,210.62,227.41
3446,219.2,227.44
3447,222.95,221.06
3448,229.99,219.83
3449,216.69,219.24
3450,190.1,218.78
3451,195.01,222.78
3452,215.99,220.54
3453,208.97,217.61
3454,258,217.17
3455,257.67,216.1
3456,207.96,217.5
3457,206.51,220.62
3458,197.48,224.19
3459,199.42,223.03
3460,188.15,225.29
3461,187.96,222.57
3462,197.65,222.88
3463,201,222.13
3464,245.74,219.37
3465,214.74,218.91
3466,210.27,218.73
3467,202.33,218.52
3468,220.09,218.17
3469,182.23,217.56
3470,182.29,190.34
3471,198.62,218.42
3472,203.43,217.02
3473,201.86,218.7
3474,193.98,217.33
3475,203.43,217.65
3476,203.42,214.8
3477,216.07,214.03
3478,228.02,214.42
3479,217.93,216.05
3480,199.72,214.31
3481,173.11,224.16
3482,176.55,220
3483,160.47,227.46
3484,166.44,210.65
3485,194.35,221.25
3486,195.68,217.37
3487,186.35,219.42
3488,199.14,218.39
3489,174.09,218.84
3490,170.34,218.19
3491,180.89,218.34
3492,200.64,214.95
3493,214.58,209.32
3494,218.59,213.26
3495,230.35,210.67
3496,225.36,224.35
3497,231.8,216.2
3498,226.24,220.01
3499,218.41,209.78
3500,223.15,206.2
3501,196.02,192.13
3502,219.01,179.42
3503,211.58,176.62
3504,250.66,175.29
3505,193.43,206.23
3506,224.51,184.26
3507,250.21,180.22
3508,209.93,180.58
3509,208.14,157.63
3510,212.29,153.49
3511,217.47,236.81
3512,211.36,211.29
3513,191.01,180.21
3514,216.99,163.85
3515,212.61,167.87
3516,228.09,205.25
3517,217.6,254.53
3518,217.75,241.89
3519,233.56,235.44
3520,234.31,230.44
3521,234.32,225.64
3522,219.11,227.07
3523,223.95,223.4
3524,215.74,217.08
3526,230.74,192.82
3527,229.5,217.36
3528,237.57,218.06
3529,228.81,221.45
3530,229.6,223.47
3531,222.59,222.86
3532,230.41,222.53
3533,227.28,218.98
3534,223.22,219.38
3536,235.22,166.51
3537,228.58,231.98
3538,233.37,225.94
3539,235.06,219.7
3540,246.98,217.11
3541,249.43,213.94
3542,245.69,217.2
3543,221.93,218.17
3544,238.97,214.47
3546,245.17,209.48
3547,242.18,225.6
3548,241.24,218.5
3549,269.65,217.21
3550,222.63,217.21
3551,214.81,215.77
3552,227.52,200.66
3553,230.35,190.99
3554,218.97,178.38
3555,216.48,183.63
3556,241.89,153.18
3557,237.32,157.63
3558,251.33,149.06
3559,235.56,151
3560,246.84,154.27
3561,253.97,174.79
3562,246.21,237.8
3563,261.97,222.95
3564,244.16,222.82
3565,255.71,220.06
3566,233.35,221
3567,226,221.34
3568,245.24,218.99
3569,255.74,215.48
3570,235.25,213.29
3571,232.02,213.95
3572,225.55,214.63
3573,233.43,214.5
3574,236.08,215.82
3575,244.41,210.23
3576,247.31,213.43
3577,244.13,203.57
3578,260.64,204.51
3579,269.74,212.08
3580,241.96,211.21
3581,235.47,208.37
3582,233.46,204.77
3583,230.76,205.54
3584,237.48,209.2
3585,232.94,209.05
3586,241.55,213.88
3587,240.91,205.66
3588,250.44,214.95
3589,248.55,213.9
3590,245.72,204.43
3591,248.47,211
3592,249.63,207.78
3593,251,209.72
3594,248.64,208.14
3595,245.01,212.5
3596,255.75,207.13
3597,259.45,205.45
3598,252.67,205.13
3599,260.13,210.56
3600,253.42,210.95
3601,255.47,200
3602,272.29,206.38
3603,255.49,202.4
3604,265.99,196.49
3605,270.55,210.77
3606,257.97,195.04
3607,259.71,199.26
3608,282.11,203.5
3609,256.25,216.4
3610,282.48,203.3
3611,277.22,199.29
3612,276.35,205.19
3613,274.09,198.61
3614,272.23,202.05
3615,260.03,191.63
3616,270.2,197.75
3617,264.14,203.23
3618,282.49,204.32
3619,261.3,198.03
3620,267.06,208.25
3621,253.7,200.72
3622,256.48,202.5
3623,232.78,213.99
3624,230.05,208.73
3625,233.38,202.6
3626,241.06,207.26
3627,236.45,204.07
3628,253.24,204.08
3629,253.98,201.71
3630,246.1,202.27
3631,251.69,200.43
3632,256.93,195.51
3633,249.54,205.93
3634,258.55,204.79
3635,244.96,203.3
3636,248.96,203.91
3637,254.17,198.36
3638,257.79,205.11
3639,259.34,207.54
3640,259.16,206.43
3641,241.39,197.86
3642,257.69,205.07
3643,255.33,206.76
3644,257.84,201.78
3645,261.03,205.06
3646,252.37,202.43
3647,262.85,204.64
3648,267.45,203.84
3649,259.72,201.35
3650,256.16,196.14
3651,273.1,202.15
3652,259.58,197.85
3653,283.85,197.18
3654,268.22,194.67
3655,262.14,201.55
3656,251.48,202.47
3657,275.99,205.61
3658,254.14,283.7
3659,265.18,223.88
3660,266.45,218.17
3661,272.11,217.79
3662,267.08,212.59
3663,255.25,217.69
3664,259.48,214
3665,257.28,211.84
3666,262.4,205.72
3667,267.09,211.39
3668,265.78,209.74
3669,268.69,204.89
3670,260.45,206.2
3671,254.41,209.81
3672,255.49,203.42
3673,261.37,192.12
3674,260.45,206.64
3675,269.8,195.61
3676,267.72,199.17
3677,256.36,210.34
3678,258.71,200.28
3679,267.14,200.46
3680,255.16,210.72
3681,254.07,204.31
3682,252.82,200.95
3683,263.37,201.65
3684,257.96,204.72
3685,244.37,208.51
3686,246.79,204.17
3687,256.85,212.62
3688,250.03,204.82
3689,249.23,200.93
3690,262.85,194.29
3691,258.39,196.56
3692,255.78,201.72
3693,260.7,196.72
3694,263.66,193.91
3695,253.18,189.74
3696,269.72,182.48
3697,242.1,159.32
3698,225.2,153.67
3699,241.17,146.98
3700,242.25,212.33
3701,241.8,233.95
3702,255.05,226.36
3703,258.49,213.12
3704,273.19,208.77
3705,266.33,203.86
3706,251.97,209.7
3707,254.71,203.84
3708,258.25,203.37
3709,258.33,207.77
3710,259.44,205.59
3711,253.28,200.76
3712,259.2,193.37
3713,261.96,199.88
3714,252.62,198.05
3715,236.64,208.86
3716,246.57,203.81
3717,245.63,203.64
3718,251.7,202.83
3719,257.29,199.74
3720,260.23,198.44
3721,264.3,197.15
3722,247.78,196.26
3723,254.34,198.66
3724,243.89,195.82
3725,245.78,195.49
3726,243.59,193.87
3727,251.67,195.59
3728,273.8,184.3
3729,275.65,189.96
3730,266.7,193.42
3731,256.22,197.94
3732,258.34,186.96
3733,257.69,197.29
3734,252.72,192.86
3735,235.95,203.41
3736,239.45,197.64
3737,250.61,204.28
3738,256.49,203.51
3739,249.84,195.85
3740,229.95,201.78
3741,222.38,195.54
3742,234.21,193.23
3743,232.91,203.38
3744,237.35,196.03
3745,235.99,195.78
3746,241.47,195.4
3747,237.14,195.92
3749,222.98,201.33
3750,203.66,211.4
3751,203.81,173.78
3752,204.17,159.85
3753,223.6,198
3754,222.57,226.02
3755,216.89,213.07
3756,214.45,209.23
3757,216.81,208.46
3758,231.02,200.36
3759,241.04,203.71
3760,250.14,200.29
3761,226.38,196.8
3762,220.39,206.63
3764,221.34,161.66
3765,232.01,206.45
3766,237.12,206.37
3767,236.05,199.58
3768,233.08,201.66
3769,230.13,198.34
3770,227.9,195.1
3771,227.79,66.21
3772,227.84,185.59
3773,228.19,239.3
3774,228.13,230.65
3775,227.73,26.74
3776,225.73,58.15
3777,225.7,89.91
3778,227.73,209.4
3779,227.75,213.07
3780,227.58,189.99
3781,227.6,146.73
3782,227.73,210.2
3783,227.62,195.87
3784,227.73,168.46
3785,227.35,108.99
3786,227.22,92.04
3787,227.95,202.54
3788,227.74,169.58
3789,227.98,208.47
3790,196.42,172.14
3791,194.72,156.38
3792,206.97,122.61
3793,205.38,202.6
3794,224.1,265.67
3795,235.97,244.5
3796,229.47,237.51
3797,232.4,229.49
3798,222.2,224.61
3799,225.4,220.08
3800,218.31,213.46
3801,232.2,214.65
3802,230.04,218.25
3803,224,220.7
3804,221.73,223.53
3805,218.05,217.83
3806,218.18,218.35
3807,220.79,214.03
3808,223.6,211.03
3809,219.25,194.45
3810,217.87,207.24
3811,216.56,196.29
3812,246.67,193.76
3813,215.13,210.7
3814,188.14,180.98
3816,209.62,160.18
3817,209.45,200.31
3818,208.76,201.11
3819,231.4,196.94
3820,226.36,199.74
3821,302.71,146.29
3822,232.4,144.92
3823,216.96,219.53
3824,216.97,207.51
3825,219.42,205.45
3826,205.52,199
3827,212.3,204.04
3828,200.18,200.68
3829,228.77,200.89
3830,245.21,197.17
3831,204.23,200.33
3832,213,193.96
3833,234.9,200.12
3834,223.98,201.14
3835,227.58,200.97
3836,222.56,197.31
3837,214.23,202.26
3838,233.11,195.79
3839,231.08,196.89
3840,212.92,206.34
3841,224.58,200.96
3842,210.52,199.16
3843,217.39,197.83
3844,240.28,199.02
3845,238.41,192.7
3846,228.49,192.16
3847,250.31,191.34
3848,230.74,196.4
3849,222.52,199.88
3850,216.09,196.71
3851,231.83,193.2
3852,214.02,195.14
3853,214.62,160.12
3854,222.94,201.26
3855,214.48,202.15
3856,192.53,204.86
3857,217.14,204.12
3858,218.55,204.9
3859,227.78,204.03
3860,224.16,199.9
3861,216.37,204.19
3862,224.34,199.15
3863,218.46,200.33
3864,227.54,183.65
3865,223.39,207.02
3866,244.26,214.47
3867,235.48,203.82
3868,166.68,143.45
3869,215.3,152.47
3870,211.12,201.19
3871,224.81,198.43
3872,237.7,193.46
3873,245.93,191.54
3874,247.33,196.17
3875,245.46,198.75
3876,226.48,202.32
3877,226.92,199.73
3878,239.17,199.6
3879,231.95,202.07
3880,245,201.65
3881,237.82,211.53
3882,208.26,203.9
3883,218.24,210.89
3884,223.14,205.71
3885,228.08,204.32
3886,222.25,203.99
3887,238.73,205.82
3888,231.93,209.19
3889,228.1,207.71
3890,238.67,204.7
3891,243.6,202.91
3892,245.07,203.66
3893,202.62,204.07
3894,211.98,206.44
3895,203.42,209.51
3896,220.8,196.27
3897,218.72,202.53
3898,224.09,206.4
3899,218.69,196.46
3900,230.21,193.27
3901,237.07,200
3902,234.17,197.62
3903,223.65,201.4
3904,229.61,201.69
3905,235.39,191.93
3906,241.51,189.85
3907,243.72,196.64
3908,291.77,137.75
3909,225.63,99.19
3910,226.51,170.27
3911,233.41,197.89
3912,242.58,203.43
3913,238.43,200.97
3914,228.67,191.85
3915,232.89,202.55
3916,231.93,200.32
3917,243.8,198.47
3918,239.99,200.39
3919,234.08,194.12
3920,221.36,201.48
3921,222.22,198.58
3922,219.8,196.78
3923,222.41,192.05
3924,221.63,198.41
3925,217.08,205.17
3926,219.32,196.5
3927,226.99,190.6
3928,225.52,191.21
3929,225.56,196.41
3930,219.92,198.74
3931,237.89,180.56
3932,233.27,201.52
3933,244.49,204.47
3934,229.4,194.74
3935,230.8,194.49
3936,251.48,181.26
3937,229.73,198.75
3938,227.06,197.23
3939,227.08,177.46
3940,242.73,193.35
3941,228.49,207.03
3942,233.43,188.66
3943,233,198.63
3944,226.98,183.02
3945,225.51,196.55
3946,234.23,196.16
3947,226.21,193.85
3948,235.33,192.27
3949,233.8,192.81
3950,231.71,201.15
3951,233.95,194.07
3952,237.02,195.1
3953,245.58,193.56
3954,247.82,190.46
3955,281.39,159.96
3956,266.68,191.73
3957,268.47,186.15
3958,285.65,180.29
3959,253.8,196.55
3960,254.13,192.75
3961,247.13,196.38
3962,241.22,188.54
3963,256.31,191.6
3964,248.7,190.17
3965,260.14,190.55
3966,235.21,190.85
3967,236.55,196.57
3968,239.79,195.81
3969,246.76,192.07
3970,253.34,187
3971,266.66,199.15
3972,253.25,182.18
3973,262.71,179.82
3974,252.02,194.05
3975,254.82,188.03
3976,258.68,195.02
3977,255.17,199.14
3978,240.42,183.61
3979,254.4,198.47
3980,258.8,185.68
3981,256.08,191.95
3982,252.89,191.25
3983,255.53,191.64
3984,256.32,193.2
3985,280.53,174.12
3986,280.02,176.7
3987,275.03,180.05
3988,256.01,190.4
3989,251.44,194.89
3990,251.38,185.37
3991,257.39,186.75
3992,257.4,187.92
3993,252.53,191.3
3994,256.32,193.71
3995,242.28,191.91
3996,246.96,193.48
3997,263.33,175.22
3998,265.49,181.62
3999,265.47,179
4000,253.67,173.93
4001,278.64,172.07
4002,282.72,176.16
4003,263.53,178.11
4004,279.86,180.07
4005,252.68,184.75
4006,279.95,175.87
4007,264.39,183.6
4008,259.69,195.62
4009,259.22,197.64
4010,251.29,176.05
4011,255.33,173.02
4012,236.05,194.97
4013,238.13,186.69
4014,248.21,186.07
4015,248.2,181.8
4016,239.01,184.82
4017,243.32,186.16
4018,257.8,179.65
4019,250.25,178.98
4020,245.8,186.14
4021,256.02,177.43
4022,244.92,187.52
4023,248.97,184.14
4024,256.78,176.01
4025,252.71,174.4
4026,276.38,176.89
4027,241.75,176.85
4028,264.16,176.11
4029,262.76,177.76
4030,255.57,177.4
4031,282.49,176.69
4033,273.47,156.04
4034,247.32,198.13
4035,240.93,192.24
4036,248.99,188.86
4037,244.49,185.5
4038,251.81,186.28
4039,256.41,185.74
4040,257.27,180.53
4041,249.98,184.82
4042,262.12,182.85
4043,259.37,188.13
4044,259.34,181.3
4045,259.36,187.3
4046,250.56,183.85
4047,250.85,181.8
4048,245.48,180.78
4049,274.47,161.82
4050,240.97,186.22
4051,250.86,185.17
4052,253.92,181.85
4053,251.49,179.55
4054,254.62,182.18
4055,252.03,182.61
4056,258.73,183.22
4057,256.86,181.76
4058,260.99,182.33
4059,259.65,185.08
4060,255.8,181.58
4061,246.19,182.01
4062,253.8,184.08
4063,252.8,182.23
4064,256.2,178.94
4065,255.12,179.88
4066,234.73,186.6
4067,246.39,178.81
4068,278.28,171.18
4069,249.37,161.01
4070,262.07,178.28
4071,233.53,178.86
4072,260.82,178.1
4073,233.33,179.81
4074,269.43,172.07
4075,264.22,160.17
4076,254.71,163.61
4077,229.62,188.37
4078,236.07,193.75
4079,226.71,182.51
4080,233.06,191.61
4081,240.24,182.59
4082,233.18,183.47
4083,241.01,185.08
4084,238.16,178.51
4085,242.61,186.88
4086,243.63,175.41
4087,227.1,180.94
4088,226.96,184.64
4089,236.54,184.77
4090,227.64,180.95
4091,228.16,179.95
4092,238.58,182.23
4093,224.02,185.54
4094,216.78,180.77
4095,219.37,180.57
4096,228.04,184.33
4097,241.4,179.26
4098,243.57,175.76
4099,241.73,186.32
4100,233.37,175.4
4101,245.94,178.27
4102,222,182.98
4103,221.98,181
4104,229.33,188.94
4105,199.77,193.62
4106,193.55,182.71
4107,220.45,187.51
4108,234.89,183.22
4109,240.76,171.38
4110,240.28,179.39
4111,231.9,185.34
4112,236.42,174.83
4113,222.82,181.91
4114,209.1,179.97
4115,209.37,175.83
4116,210.33,178.56
4117,209.79,185.71
4118,224.92,178.85
4119,202.26,185.02
4120,215.43,182.9
4121,228.06,173.67
4122,219.98,172.02
4123,219,177.79
4124,216.83,180.12
4125,222.91,183.25
4126,229.75,166.77
4127,238,183.07
4128,247.81,174.4
4129,250.55,173.98
4130,219.18,175.22
4131,198.06,179.57
4132,209.05,180.94
4133,210.47,183.79
4134,216.77,175.81
4135,235.98,179.33
4136,242.19,175.67
4137,303.4,172.52
4138,263.94,178.12
4139,207.09,177.41
4140,305.63,180.33
4142,324.99,173.88
4144,314.32,172.89
4146,213.89,179.26
4150,326.81,172.83
4151,276,176.05
4152,256.49,173.72
4153,244.01,174.03
4154,290.05,178.13
4155,295.24,160.82
4156,278.21,191.46
4158,213.18,175.49
4159,204.5,167.31
4160,224.89,180.57
4161,279.25,178.76
4163,255.36,172.02
4164,299.23,173.71
4165,232.24,174.82
4166,262.97,175.05
4167,247.23,171.57
4168,220.11,172.34
4169,214.35,174.49
4170,293.92,174.35
4172,328.79,176.44
4174,193.44,174.7
4175,185.81,167.04
4176,208.7,172.09
4177,200.63,169.79
4178,190.04,168.21
4179,207.02,166.87
4180,205.13,175.47
4181,198.94,173.03
4182,194.21,177.03
4183,208.88,171.47
4184,209.23,173.46
4185,202.78,173.92
4186,198.9,174.9
4187,208.35,172.89
4188,222.27,169.31
4189,230.85,167.33
4190,213.19,166.98
4191,232.37,175.28
4192,199.26,174.44
4193,184.97,173.46
4194,187.62,174.47
4195,185.73,174.58
4196,179.19,170.66
4197,191.12,172.12
4198,204.99,171.58
4199,203.76,170.99
4200,203.78,174
4201,189.25,172.01
4202,216.76,163.41
4203,211.6,166.14
4204,225.91,168.99
4205,207.09,169.87
4206,221.06,164.26
4207,226.34,171.51
4208,239.76,171.42
4209,204.63,161.35
4210,202.3,164.14
4211,207.24,163.69
4212,212.05,163.38
4213,192.95,161.16
4214,216.98,163.75
4215,224.3,160.46
4216,224.79,161.69
4217,224.68,163.08
4218,220.41,166.21
4219,217.62,155.4
4220,223.37,161.3
4221,225.4,173.09
4222,215.94,168.98
4223,204.77,165.11
4224,202.13,164.08
4225,206.34,163.44
4226,186.13,175.98
4227,190.03,170.09
4228,215.26,160.95
4229,207.6,146.88
4230,197.26,176.35
4231,202.32,166.4
4232,202.34,150.09
4233,203.69,140.86
4234,205.33,181.71
4235,222.79,156.86
4236,210,146.54
4237,192.66,175.23
4238,188.95,159.72
4239,182.89,171.77
4240,197.86,166.38
4241,193.11,170.26
4242,211.6,158.51
4243,216.05,162.01
4244,186.97,175.07
4245,197.89,181.6
4246,206.53,178.5
4247,215.53,163.55
4248,219.86,171.95
4249,193.59,170.94
4250,205.46,168.98
4251,211.44,159.41
4252,205.05,167.15
4253,215.11,162.83
4254,227.34,168.87
4255,237.36,172.07
4256,221.5,167.91
4257,202.47,169.67
4258,203.99,178.69
4259,203.6,170.07
4260,229,166.43
4261,204.84,172.12
4262,194.28,170.94
4263,189.93,173.13
4264,183.21,175.61
4265,192.15,168.53
4266,212.58,168.8
4267,224.39,170.04
4268,225.74,165.28
4269,232.93,174.16
4270,209.23,176.29
4271,216.05,182.78
4272,209.33,174.94
4273,200.71,175.73
4274,189.48,174.65
4275,215.44,170.3
4276,216.34,167.24
4277,218.96,173.32
4278,222.55,167.95
4279,239.01,165.04
4280,208.3,170.37
4281,214.24,171.45
4282,250.23,179.06
4283,302.99,173.35
4284,285.09,170.42
4285,376.19,167.96
4286,250.01,161.98
4287,278.47,167.09
4288,206.59,167.89
4289,268.2,167.26
4290,539.67,167.63
4291,518.73,170.5
4292,448.01,209.85
4293,213.47,165.81
4294,249.72,165.66
4295,640.12,159.88
4296,278.11,167.93
4297,624.74,164.31
4298,211.91,160.53
4299,339.69,166.86
4300,464.01,170.9
4301,234.62,167.6
4302,200.18,173.83
4303,202.14,172.49
4304,312.53,166.2
4305,422.17,171.27
4306,286.19,164.47
4307,327.37,168
4308,369.07,170.56
4309,218.43,161.53
4310,222.4,165.77
4311,236.34,164.91
4312,246.53,159.67
4313,243.21,158.06
4314,295.28,162.58
4315,219.55,163.34
4316,230.12,158.87
4317,228,160.85
4318,229.03,162.6
4319,227.77,160.33
4320,221.73,161.99
4321,213.53,155.61
4322,225.81,157.79
4323,232.06,155.08
4324,233.99,153.38
4325,231.87,165.81
4326,225.41,165.74
4327,214.05,163.7
4329,219.49,118.14
4330,212.38,129.35
4331,230.5,146.7
4332,225.34,195.35
4333,213.82,187.16
4334,216.09,187.32
4335,225.95,177.29
4336,220.99,184.14
4337,215.6,177.52
4338,210.3,183.27
4339,222.87,175.91
4340,230.08,176.44
4341,229.42,170.86
4342,230.22,175.48
4343,221.92,166.07
4344,233.04,158.92
4345,227.43,159.56
4346,236.86,159.98
4347,235.52,182.48
4348,244.66,180.44
4349,231.68,172.77
4350,253.1,175.41
4351,362.86,178.59
4352,308.94,174.46
4353,271.11,175.21
4354,252.12,173.22
4355,380.33,175.66
4356,466.59,168.11
4357,484.51,175.02
4358,238.72,180.52
4359,264.68,178
4360,288.59,169.09
4361,550.86,159.8
4362,456.72,160.43
4363,281,162.03
4364,366.48,152.77
4365,353.38,166.11
4366,275.33,166.83
4367,310.68,158.61
4368,328.89,162.04
4369,707.54,145.53
4370,493.46,170.44
4371,441.07,167.01
4372,286.02,165.32
4373,612.45,169.31
4374,379.76,163.11
4375,357.97,166.52
4376,354.26,158.26
4377,298.82,164.75
4378,301.91,150.27
4379,298.75,157.25
4380,298.7,160.51
4381,299.46,161.01
4382,299.52,178
4383,350.04,165.61
4384,659.05,163.46
4385,522.62,153.02
4386,820.49,157.56
4387,774.04,150.44
4388,305.24,132.02
4389,501.07,173.4
4390,602.73,119.16
4391,476.07,143.36
4392,672.73,126.58
4393,303.3,172.5
4394,330,177.1
4395,321.69,179.19
4396,541.57,171.62
4397,577.76,172.17
4398,549.83,156.48
4399,717.55,188.64
4400,584.18,156.29
4401,493.74,141.87
4402,310.32,126.02
4403,329.41,177.01
4404,812.89,153.45
4405,556.64,159.15
4406,385.65,160.94
4407,308.6,144.51
4408,305.14,177.59
4409,303.69,151.76
4410,311.72,139.54
4411,522.8,146.95
4412,487.35,167.21
4413,532.35,173.59
4414,722.75,172.02
4415,593.31,144.96
4416,299.04,159.84
4417,300.39,174.46
4418,299.96,141.42
4419,299.9,114.62
4420,300.07,148.13
4421,307.74,159.03
4422,416.45,194.65
4423,474.64,153.67
4424,473.97,140.23
4425,396.6,197.29
4426,518.4,161.77
4427,387.34,177.6
4428,331.44,149.99
4429,452.22,183.99
4430,311.75,141.07
4431,350.22,187.56
4432,508.72,143.34
4433,463.61,192.54
4434,486.16,146.32
4435,470.76,149.14
4436,433.8,158.56
4437,450.34,188.12
4438,459.66,169.39
4439,455.56,183.84
4440,454.3,173.53
4441,435.05,168.27
4442,348.22,174.07
4443,319.07,178.54
4444,300.49,177.23
4445,304.15,153.51
4446,316.96,156.06
4447,384.63,179.07
4448,576.84,138.9
4449,499.04,170.6
4450,327.29,159.53
4451,309.05,168
4452,312.6,140.05
4453,308.72,139.94
4454,311.98,177.82
4455,312.61,151.15
4456,311.46,161.24
4457,311.99,116.69
4458,342.17,147.41
4459,303.56,117.35
4460,300.87,20.06
4461,314.71,85.71
4462,310.72,191.05
4463,305.48,142.78
4464,301.67,141.67
4465,300.01,107.45
4466,298.23,117.63
4467,298.37,166.95
4468,299.31,154.46
4469,299,56.63
4470,298.66,134.79
4471,298.56,145.73
4472,298.89,158.61
4473,299.5,181.09
4474,300.3,153.38
4475,300.35,146.68
4476,301.68,159.82
4477,301.66,194.41
4478,301.22,177.6
4479,301.83,141.5
4480,301.9,120.59
4481,300.52,138.13
4482,301.87,187.74
4483,297.74,187.57
4484,316.2,170.07
4485,333.35,168.55
4486,293.62,181.31
4487,300.74,172.25
4488,300.92,157.47
4489,300.07,178
4490,302.09,175.37
4491,302.85,149.74
4492,302.6,132.02
4493,302.48,147.17
4494,304.34,162.22
4495,320.08,165.69
4496,302.55,170.02
4497,303.88,167.9
4498,301.49,178.71
4499,303.87,176.14
4500,301.71,159.88
4501,300.45,177.02
4502,302.93,172.46
4503,332.29,161.13
4504,323.8,159.38
4505,297.56,177.83
4506,297.68,153.12
4507,297.03,178.47
4508,296.9,161.15
4509,296.86,171.53
4510,296.2,154.61
4511,296.65,178.82
4512,296.42,165.35
4513,297.23,165.67
4514,296.62,175.44
4515,296.6,150
4516,297.47,179.02
4517,296.99,146.72
4518,296.84,186.64
4519,297.17,147.8
4520,296.66,166.29
4521,297.74,174.47
4522,296.17,150.92
4523,296.82,167.2
4524,296.55,135.26
4525,296.41,160.12
4526,296.97,162.03
4527,296.63,131.68
4528,297.2,184.36
4529,296.66,149.94
4530,296.32,149.18
4531,296.68,154.49
4532,297.24,139.48
4533,297.61,177.28
4534,297.5,139.66
4535,296.8,163.33
4536,296.63,187.71
4537,296.33,171.89
4538,296.77,182.93
4539,296.39,177.38
4540,296.75,176.22
4541,296.89,176.87
4542,296.4,144.08
4543,296.83,186.87
4544,296.74,161.44
4545,296.24,172.94
4546,296.67,161.4
4547,296.26,142.65
4548,296.86,164.08
4549,296.46,152.91
4550,882.53,153.05
4551,607.87,174.35
4552,295.94,151.22
4553,296.61,151.55
4554,296.82,164.63
4555,297.15,161.53
4556,297.26,171.97
4557,296.84,168.71
4558,296.97,178.68
4559,296.63,172.88
4560,296.31,168.63
4561,297.1,172.14
4562,296.45,178.75
4563,296.82,184.93
4564,297.54,175.56
4565,296.97,174.19
4566,296.48,181.7
4567,296.46,181.29
4568,296.38,178.04
4569,296.41,174.13
4570,296.89,180.32
4571,297.26,178.61
4572,296.56,179.72
4573,295.92,170.58
4574,296.49,168.74
4575,296.66,173.77
4576,296.85,160.5
4577,296.83,170.14
4578,296.29,178.73
4579,296.58,169.41
4580,297.06,179.7
4581,296.26,166.92
4582,296.22,164.34
4583,295.99,160.93
4584,296.27,158.45
4585,296.92,174.4
4586,296.47,176.23
4587,296.05,145.04
4588,296.23,169.73
4589,296.61,182.59
4590,296.94,174.9
4591,296.81,175.14
4592,297.09,171.08
4593,296.91,168.64
4594,297,163.32
4595,296.92,161.96
4596,297.12,172.57
4597,297.38,172.99
4598,297.47,165.22
4599,297.55,157.92
4600,297.13,178.82
4601,297.26,176.91
4602,296.69,175.97
4603,296.84,172.89
4604,296.67,157.2
4605,297.16,169.12
4609,296.06,134.92
4610,297.23,134.89
4611,296.07,137.69
4612,297.15,185.91
4613,297,118.35
4614,297.13,73.63
4615,296.04,147.89
4616,297.06,129.51
4617,297.28,152.42
4618,296.63,163.48
4619,297.6,151.67
4620,296.79,151.88
4621,296.69,144.23
4622,297.28,210.03
4623,296.89,149.58
4624,297.47,182.17
4625,297.64,102.86
4626,296.35,164.38
4627,297.81,131.7
4628,296.37,145.27
4629,296.78,166.18
4630,297.66,183.32
4631,296.98,176.39
4632,297.19,149.42
4633,297.11,194.6
4634,296.74,130.25
4635,297.34,206.31
4636,298.08,134.46
4637,296.31,184.14
4638,297.66,145.05
4639,297.28,144.6
4640,297.21,149.37
4641,297.73,196.12
4642,296.9,159.45
4643,297.06,139.4
4644,297.92,197.5
4645,297.28,180.94
4646,297.29,167.46
4647,297.52,168.37
4648,297.35,161.88
4649,297.76,185.44
4650,297.36,142.02
4651,297.06,167.86
4652,297.01,149.11
4653,298.09,185.28
4654,297.26,178.8
4655,297.33,173.27
4656,297.63,154.03
4657,297.15,147.89
4658,297.88,172.45
4659,297.53,164.88
4660,297.94,175.55
4661,298.04,174.62
4662,297.29,172.82
4663,297.36,163.96
4664,297.37,142.95
4665,297.98,177.16
4666,297.39,113.59
4667,298.32,195.51
4668,298.15,119.46
4669,298.32,182.53
4670,298.91,134.44
4671,298.06,146.63
4672,298.26,163.55
4673,298.62,150.39
4674,298.72,187.06
4675,298.26,167.49
4676,298.62,151.03
4677,299.28,174.59
4678,299.28,177.25
4679,299.05,171.5
4680,298.71,153.76
4681,300.07,181.97
4682,299.56,143.94
4683,299.37,122.36
4684,299.52,169.04
4685,299.61,168.69
4686,300.82,163.72
4687,301.54,163.7
4688,300.28,154.16
4689,300.53,147.12
4690,301.79,170.76
4691,301.22,170.75
4692,300.89,133.31
4693,301.33,168.6
4694,300.91,156.59
4695,301.66,176.26
4696,301.22,178.08
4697,302.03,170.7
4698,301.48,164.48
4699,301.46,163.87
4700,301.98,161.25
4701,302.33,169.27
4702,302.29,165.21
4703,303.34,173.21
4704,303.79,156.42
4705,297.78,169.46
4706,297.87,164.91
4707,297.61,160.36
4708,297.64,165.79
4709,297.76,164.27
4710,298.17,164.28
4711,298.03,159.99
4712,298.15,160.79
4713,298.2,138.69
4714,297.66,146.53
4715,297.77,168.23
4716,298.23,173.86
4717,298.27,168.79
4718,298,165.15
4719,297.74,163.79
4720,297.75,153.78
4721,297.92,152.8
4722,297.3,157.89
4723,297.87,162.45
4724,297.98,162.11
4725,298.05,163.14
4726,298.1,162.14
4727,298.45,163.45
4728,298.6,168.61
4729,298.12,164.34
4730,298.38,159.94
4731,298.11,154.65
4732,298.17,163.68
4733,298.13,167.06
4734,298.39,162.25
4735,298.38,159.81
4736,298.33,162.93
4737,299.4,165.15
4738,298.37,158.46
4739,298.81,163.96
4740,298.82,155.76
4741,298.49,159.67
4742,298.68,161.75
4743,298.1,163.4
4744,298.29,167.08
4745,298.36,166.31
4746,298.2,160.06
4747,297.83,155.14
4748,298.45,162.73
4749,298.27,162.42
4750,298.58,164.23
4751,298.76,165.11
4752,298.34,164.7
4753,299.04,164.76
4754,298.58,164.05
4755,298.46,153.4
4756,298.66,158.03
4757,297.85,165.24
4758,297.62,166.18
4759,298.1,164.62
4760,298.03,163.1
4761,297.25,161.55
4762,297.16,160.85
4763,297.89,157.62
4764,298.62,162.92
4765,298.71,157.91
4766,298.59,147.42
4767,299.09,161.35
4768,298.64,166.24
4769,298.21,161.22
4770,298.89,158.57
4771,299.02,160.62
4772,298.9,160.56
4773,299.16,162.25
4774,299.09,160.69
4775,299.35,161.82
4776,299.21,158.38
4777,299.43,149.82
4778,299.65,162.55
4779,299.96,165.91
4780,299.61,168.38
4781,300.03,174.1
4782,300.19,162.09
4783,299.91,162.41
4784,299.87,154.4
4785,299.82,118.11
4786,299.86,152.39
4787,299.7,155.28
4788,300.02,158.05
4789,300.12,156.08
4790,300.15,160.3
4791,300.15,160.12
4792,300.21,163.66
4793,300.47,165.14
4794,300.69,163.4
4795,300.41,156.35
4796,300.34,153.78
4797,300.82,164.94
4798,300.78,168.82
4799,300.43,169.35
4800,300.75,163.35
4801,300.37,156.81
4802,300.72,169.4
4803,300.55,172.19
4804,300.53,166.51
4805,300.05,154.68
4806,300.61,169.73
4807,300.35,164.77
4808,300.57,163.88
4809,300.26,150.58
4810,299.65,155.62
4811,300.48,158.02
4812,300.1,152.8
4813,300.37,159.07
4814,300.38,160.63
4815,300.64,162.71
4816,300.31,149.04
4817,300.27,161.02
4818,300.48,156.47
4819,300.37,165.55
4820,297.78,149.85
4821,297.81,154.09
4822,298.06,154.18
4823,298.1,161.22
4824,298.24,167.6
4825,298.12,156.46
4826,298.1,152.66
4827,298.03,158.21
4828,298.35,166.58
4829,298.45,170.41
4830,297.97,161.18
4831,298.2,160.05
4832,298.16,154.8
4833,298.15,160.74
4834,298.38,160.91
4835,298.17,155.83
4836,298.85,159.8
4837,298.66,157.73
4838,298.38,159.42
4839,299.12,156.63
4840,298.59,156.93
4841,298.48,158.94
4842,298.52,153.06
4843,299.16,152.02
4844,299.1,162.08
4845,299.57,163.09
4846,299.29,164.39
4847,299.22,154.29
4848,299.03,160.16
4849,298.74,161.56
4850,299.08,160.07
4851,297.54,127.29
4852,299.12,165.82
4853,298.39,142.67
4854,298.64,165.44
4855,298.42,166.93
4856,298.37,160.24
4857,298.5,160.76
4858,298.55,159.64
4859,297.84,158.18
4860,298.26,138.74
4861,298.06,165.55
4862,297.57,162.89
4863,297.99,164.84
4864,298.04,163.63
4865,297.5,162.99
4866,297.5,160.98
4867,297.52,155.68
4868,297.86,156.9
4869,297.81,153.13
4870,297.81,155.85
4871,297.51,153.27
4872,297.8,152.65
4873,298.21,162.19
4874,298.2,160.32
4875,297.97,161.94
4876,298.21,163.42
4877,297.88,156.48
4878,298.25,158.55
4879,297.92,152.75
4880,298.08,150.95
4881,297.44,151.65
4882,297.73,150.78
4883,298.02,160.65
4884,298.26,160.95
4885,298.4,163.18
4886,298.38,160.39
4887,298.19,158.71
4888,297.97,152.4
4889,297.8,153.37
4890,298.07,169.44
4891,297.78,161.07
4892,297.4,137.84
4893,298.06,166.62
4894,298.04,153.54
4895,298.35,168.03
4896,298.17,166
4897,297.72,158.88
4898,297.61,149.15
4899,297.89,158.75
4900,297.79,162.41
4901,297.67,161.97
4902,298.02,160.25
4903,297.42,157.53
4904,297.85,173.08
4905,297.79,150.53
4906,297.84,161.16
4907,297.57,165.39
4908,297.56,160.07
4909,297.63,153.31
4910,297.53,145.55
4911,297.91,161.47
4912,297.51,166.3
4913,297.79,162.88
4914,297.02,149.74
4915,297.37,160.44
4916,298.07,170.35
4917,296.99,154.4
4918,297.43,126.62
4919,297.63,166.71
4920,297.84,159.76
4921,296.29,154.33
4922,297.02,63.81
4923,297.78,160
4924,298.14,158.21
4925,297.46,155.64
4926,297.54,157.74
4927,297.5,150.94
4928,297.46,146.54
4929,297.68,163.33
4930,297.65,155.98
4931,297.58,155.25
4932,297.71,158.11
4933,297.06,149.34
4934,297.99,166.18
4935,297.37,151.3
4936,297.8,152.92
4937,298.94,155.13
4938,298.41,156.32
4939,298.05,153.67
4940,298.83,147.76
4941,298.9,159.67
4942,300.62,160.82
4943,300.99,155.95
4944,300.62,128.21
4945,300.82,154.89
4946,300.66,166.8
4947,300.47,156.46
4948,300.28,153.45
4949,300.21,151.12
4950,299.9,148.43
4951,300.34,145.61
4952,301.43,155.51
4953,303.06,164.58
4954,303.71,164.52
4955,303.4,153.01
4956,303.26,147.37
4957,302.9,155.35
4958,303.37,155.78
4959,303.7,163.69
4960,303.8,159.12
4961,303.78,156.24
4962,303.39,148.58
4963,302.64,152.13
4964,302.67,159.75
4965,302.68,159.99
4966,302.46,152.25
4967,302.17,144.27
4968,302.32,151.12
4969,302.63,162.69
4970,302.66,156.09
4971,302.34,152.69
4972,302.18,153.9
4973,301.47,148.88
4975,300.56,148.77
4976,300.84,157.57
4977,300.37,157.61
4978,300.13,156.39
4979,300.27,150.47
4980,300.55,147.32
4981,300.15,144.42
4982,300.97,147.44
4983,300.73,158.83
4984,299.91,150.88
4985,301.41,151.24
4986,301.15,150.47
4987,301.17,154.24
4988,301.57,154.24
4989,300.15,147.49
4990,300.67,149.89
4991,301.41,155.36
4992,301.3,155.54
4993,301.7,153.98
4994,301.68,151.98
4995,302.41,153.59
4996,302.42,147.96
4997,303.11,144.12
4998,303.41,141.39
4999,302.93,141.84
5000,302.97,159.65
5001,302.8,161.03
5002,302.42,154.86
5003,302.49,145.76
5004,302.47,153.66
5005,302.65,154.99
5006,301.78,146.72
5007,303.44,157.62
5008,302.94,146.92
5009,299.26,158.25
5010,299.73,160.22
5011,300.11,153.07
5012,297.89,139.27
5013,379.71,82.97
5014,299.28,29.8
5015,301.46,0
5016,644.7,0
5017,297.55,23.89
5018,710.81,0
5019,692.33,0
5020,301.78,124.55
5021,456.72,37.43
5022,589.43,0
5023,722.14,0
5024,759.87,0
5025,772.1,0
5026,778.67,0
5027,778.61,0
5028,781.65,0
5029,793.11,0
5030,909.42,0
5031,821.76,0
5032,861.96,0
5033,1032.02,0
5034,1079.49,0
5035,1104.14,0
5036,1108.93,0
5037,1113.31,0
5038,1020.52,0
5039,894.6,0
5040,977.46,0
5041,1130.29,0
5042,1110.43,0
5043,1399.34,0
5044,1423.78,0
5045,1080.15,0
5046,1434.08,0
5047,1399.71,0
5048,1085.78,0
5049,1548.86,0
5050,963.1,0
5051,935.45,0
5052,949.27,0
5053,935.45,0
5054,944.54,0
5055,944.54,0
5056,933.05,0
5057,941.96,0
5058,945.56,0
5059,950.41,0
5060,950.71,0
5061,950.82,0
5062,957.58,0
5063,964.53,0
5064,970.81,0
5065,973.92,0
5066,980.69,0
5067,980.15,0
5068,991.29,0
5069,995.18,0
5070,992.79,0
5071,1000.75,0
5072,1006.86,0
5073,1010.1,0
5074,1013.63,0
5075,1017.11,0
5076,1019.74,0
5077,1022.02,0
5078,1027.23,0
5079,1031.42,0
5080,1034.71,0
5081,1034.36,0
5082,1038.49,0
5083,1039.57,0
5084,1043.59,0
5085,1047.12,0
5086,1051.97,0
5087,1051.07,0
5088,1051.61,0
5089,1060.73,0
5090,1064.32,0
5091,1062.35,0
5092,1064.62,0
5093,1072.29,0
5094,1075.84,0
5095,1078.23,0
5096,1082.31,0
5097,1085.07,0
5098,1086.98,0
5099,1086.5,0
5100,1088.06,0
5101,1091.6,0
5102,1095.44,0
5103,1096.53,0
5104,1099.93,0
5105,1100.83,0
5106,1104.61,0
5107,1108.63,0
5108,1112.53,0
5109,1112.53,0
5110,1118.89,0
5111,1121.42,0
5112,1127.17,0
5113,1127.17,0
5114,1130.06,0
5115,1134.61,0
5116,1139,0
5117,1145.47,0
5118,1148.29,0
5119,1150.09,0
5120,1153.87,0
5121,1146.02,0
5122,1186.47,0
5123,1274.25,0
5124,1437.32,0
5125,1374.61,0
5126,1466.1,0
5127,1347.78,0
5128,1385.93,0
5129,1437.99,0
5130,1464.17,0
5131,1493.09,0
5132,1180.53,0
5133,1377.87,0
5134,1313.56,0
5135,1228.75,0
5136,726.45,342.09
5137,441.41,510.35
5138,402.09,441.81
5139,425.64,265.79
5140,579.73,156.55
5141,855.22,43.42
5142,1007.22,0
5143,1043.9,0
5144,1376.49,0
5145,1253.64,0
5146,1604.47,0
5147,1073.08,0
5148,1076.31,0
5149,1085.78,0
5150,1101.26,0
5151,1107.73,0
5152,1106.47,0
5153,1112.29,0
5154,1116.01,0
5155,1122.07,0
5156,1129.1,0
5157,1134.68,0
5158,1137.91,0
5159,1142.17,0
5160,1144.93,0
5161,1148.95,0
5162,1148.65,0
5163,1150.15,0
5164,1150.09,0
5165,1143.07,0
5166,1151.24,0
5167,1157.3,0
5168,1164.55,0
5169,1162.34,0
5170,1168.4,0
5171,1170.39,0
5172,1171.29,0
5173,1178.42,0
5174,1176.98,0
5175,1177.41,0
5176,1175.36,0
5177,1183.83,0
5178,1179.45,0
5179,1180.71,0
5180,1190.08,0
5181,1189.72,0
5182,1191.94,0
5183,1164.87,0
5184,1190.43,0
5185,1184.86,0
5186,1162.73,0
5187,1197.21,0
5188,1197.51,0
5189,1170.89,0
5190,1176.87,0
5191,1208.45,0
5192,1206.53,0
5193,1207.91,0
5194,1219.69,0
5195,1218.6,0
5196,1211.69,0
5197,437.43,456.81
5198,302.07,333.83
5199,301.44,219.89
5200,301.64,176.6
5201,301.21,130.17
5202,302.03,106.55
5203,473.62,18.86
5204,302.77,352.28
5205,304.3,546.6
5206,303.61,439.21
5207,302.2,281.5
5208,301.69,204.73
5209,301.46,155.16
5210,301.69,130.14
5211,301.8,102.3
5212,301.89,84.16
5213,609.65,16.9
5214,926.29,0
5215,301.85,217.8
